power_W,duration_s,wall_thickness_mm,bottom_buffer_mm,cooling_h_W_per_m2K,insertion_depth_mm,nx,ny,dt_s,source_smoothing_mm,lesion_depth_mm,lesion_width_mm,lesion_area_mm2,depth_to_width_ratio,depth_fraction,transmural,overheat_area_mm2,peak_temperature_C,name,transmural_int
30.0,30.0,2.0,4.0,800.0,0.5,281,106,0.05,0.2,2.0,4.137691197839233,7.890612244898002,0.4833613492095377,1.0,True,0.0,69.44709803051825,standard_30W_30s,1
50.0,10.0,2.0,4.0,800.0,0.5,281,106,0.05,0.2,1.8329103139577794,3.3993333894791,5.293469387755131,0.5391969848060849,0.9164551569788897,False,0.0,75.50573460225291,hpsd_50W_10s,0
90.0,4.0,2.0,4.0,800.0,0.5,281,106,0.05,0.2,1.3112395455496326,3.24354566343288,3.74326530612247,0.40426116405028584,0.6556197727748163,False,0.0,86.55066263581384,vhpsd_90W_4s,0
30.0,30.0,2.0,4.0,800.0,1.0,281,106,0.05,0.2,2.0,4.576286500784626,8.7502040816327,0.43703557451158065,1.0,True,0.0,74.90516446721749,standard_30W_30s,1
50.0,10.0,2.0,4.0,800.0,1.0,281,106,0.05,0.2,2.0,3.7182688789064766,6.435918367346974,0.5378847160155318,1.0,True,0.0,83.36934848879346,hpsd_50W_10s,1
90.0,4.0,2.0,4.0,800.0,1.0,281,106,0.05,0.2,1.4813655553967857,3.4631933261084678,4.481632653061249,0.42774555616892784,0.7406827776983929,False,0.0,96.38101952228378,vhpsd_90W_4s,0
30.0,30.0,2.0,4.0,800.0,1.5,281,106,0.05,0.2,2.0,4.959850171364727,9.506938775510257,0.4032379872172006,1.0,True,0.0,81.29669313070485,standard_30W_30s,1
50.0,10.0,2.0,4.0,800.0,1.5,281,106,0.05,0.2,2.0,3.980157675397167,7.23673469387759,0.5024926555957174,1.0,True,0.0,91.60438743712024,hpsd_50W_10s,1
90.0,4.0,2.0,4.0,800.0,1.5,281,106,0.05,0.2,1.6344570090776593,3.6405872014694776,5.212653061224518,0.4489542259605624,0.8172285045388297,False,0.42612244897959417,105.59264552789827,vhpsd_90W_4s,0
30.0,30.0,2.0,4.0,800.0,2.0,281,106,0.05,0.2,2.0,5.305260763925725,10.175510204081688,0.37698429709608905,1.0,True,0.0,88.83424529685749,standard_30W_30s,1
50.0,10.0,2.0,4.0,800.0,2.0,281,106,0.05,0.2,2.0,4.207878008731637,7.839183673469432,0.4752989501715264,1.0,True,0.0,99.94614970103152,hpsd_50W_10s,1
90.0,4.0,2.0,4.0,800.0,2.0,281,106,0.05,0.2,1.7719454268592059,3.7807355249847454,5.833469387755135,0.4686774346286376,0.8859727134296029,False,1.410612244897967,113.95869014449913,vhpsd_90W_4s,0
30.0,30.0,2.0,4.0,1500.0,0.5,281,106,0.05,0.2,2.0,3.5455377602974245,6.186122448979626,0.5640893244448837,1.0,True,0.0,64.66010322846056,standard_30W_30s,1
50.0,10.0,2.0,4.0,1500.0,0.5,281,106,0.05,0.2,1.7228934497717197,3.004316359105685,4.07387755102043,0.5734727118699926,0.8614467248858598,False,0.0,69.407263317188,hpsd_50W_10s,0
90.0,4.0,2.0,4.0,1500.0,0.5,281,106,0.05,0.2,1.2563845308740598,3.0073265453286737,3.1261224489796096,0.4177745622023059,0.6281922654370299,False,0.0,79.1599636958863,vhpsd_90W_4s,0
30.0,30.0,2.0,4.0,1500.0,1.0,281,106,0.05,0.2,2.0,4.033407864359949,7.324897959183714,0.49585860573943585,1.0,True,0.0,69.02823745928728,standard_30W_30s,1
50.0,10.0,2.0,4.0,1500.0,1.0,281,106,0.05,0.2,1.96482681853361,3.3818927655185353,5.469795918367377,0.5809843643082956,0.982413409266805,False,0.0,75.89068473896921,hpsd_50W_10s,0
90.0,4.0,2.0,4.0,1500.0,1.0,281,106,0.05,0.2,1.446999233430813,3.270175009234817,4.084897959183696,0.44248372926358887,0.7234996167154065,False,0.0,88.34556870664963,vhpsd_90W_4s,0
30.0,30.0,2.0,4.0,1500.0,1.5,281,106,0.05,0.2,2.0,4.453808075860797,8.272653061224537,0.44905392552494655,1.0,True,0.0,74.12200348271432,standard_30W_30s,1
50.0,10.0,2.0,4.0,1500.0,1.5,281,106,0.05,0.2,2.0,3.6833862207050925,6.553469387755138,0.5429786289468037,1.0,True,0.0,83.25026952226618,hpsd_50W_10s,1
90.0,4.0,2.0,4.0,1500.0,1.5,281,106,0.05,0.2,1.6093242915238597,3.4644473039569372,4.867346938775536,0.46452555063711354,0.8046621457619298,False,0.0,97.50097482961495,vhpsd_90W_4s,0
30.0,30.0,2.0,4.0,1500.0,2.0,281,106,0.05,0.2,2.0,4.832357103331512,8.963265306122498,0.4138766976929674,1.0,True,0.0,80.08452427113525,standard_30W_30s,1
50.0,10.0,2.0,4.0,1500.0,2.0,281,106,0.05,0.2,2.0,3.937763469205672,7.244081632653101,0.5079025227494025,1.0,True,0.0,91.17926329453287,hpsd_50W_10s,1
90.0,4.0,2.0,4.0,1500.0,2.0,281,106,0.05,0.2,1.758344011962884,3.631122259276962,5.5579591836735,0.4842425802300057,0.879172005981442,False,0.5216326530612273,106.23129142264968,vhpsd_90W_4s,0
30.0,30.0,2.0,4.0,2500.0,0.5,281,106,0.05,0.2,2.0,3.1457958215419484,5.043673469387783,0.6357691704923419,1.0,True,0.0,62.2102086461754,standard_30W_30s,1
50.0,10.0,2.0,4.0,2500.0,0.5,281,106,0.05,0.2,1.629821621606102,2.7019226804765912,3.100408163265323,0.6032080908098444,0.814910810803051,False,0.0,66.42858340162165,hpsd_50W_10s,0
90.0,4.0,2.0,4.0,2500.0,0.5,281,106,0.05,0.2,1.2056474436632587,2.813055904448287,2.56040816326532,0.42858993372892723,0.6028237218316294,False,0.0,74.6482640289099,vhpsd_90W_4s,0
30.0,30.0,2.0,4.0,2500.0,1.0,281,106,0.05,0.2,2.0,3.6786364554523536,6.248571428571463,0.5436797096477598,1.0,True,0.0,65.95399960685766,standard_30W_30s,1
50.0,10.0,2.0,4.0,2500.0,1.0,281,106,0.05,0.2,1.8956642885150565,3.1394472865502534,4.606530612244923,0.6038210281906298,0.9478321442575283,False,0.0,71.67630811789715,hpsd_50W_10s,0
90.0,4.0,2.0,4.0,2500.0,1.0,281,106,0.05,0.2,1.4142510337207044,3.1157872403892384,3.5595918367347132,0.4538984611619469,0.7071255168603522,False,0.0,83.11194207292546,vhpsd_90W_4s,0
30.0,30.0,2.0,4.0,2500.0,1.5,281,106,0.05,0.2,2.0,4.125417713539637,7.225714285714326,0.4847993921769406,1.0,True,0.0,70.34000045417179,standard_30W_30s,1
50.0,10.0,2.0,4.0,2500.0,1.5,281,106,0.05,0.2,2.0,3.4680365761836134,5.807755102040848,0.5766951864737516,1.0,True,0.0,78.23694549769408,hpsd_50W_10s,1
90.0,4.0,2.0,4.0,2500.0,1.5,281,106,0.05,0.2,1.5878461586875763,3.3373650571168296,4.444897959183697,0.47577838549652895,0.7939230793437881,False,0.0,91.97889513407827,vhpsd_90W_4s,0
30.0,30.0,2.0,4.0,2500.0,2.0,281,106,0.05,0.2,2.0,4.524117453618105,8.114693877551064,0.44207517167807514,1.0,True,0.0,75.45444938304003,standard_30W_30s,1
50.0,10.0,2.0,4.0,2500.0,2.0,281,106,0.05,0.2,2.0,3.746561601656235,6.689387755102077,0.5338227987805844,1.0,True,0.0,85.54495356301015,hpsd_50W_10s,1
90.0,4.0,2.0,4.0,2500.0,2.0,281,106,0.05,0.2,1.7439749686814499,3.52615525758546,5.275102040816355,0.494582581107231,0.8719874843407249,False,0.05142857142857171,100.71204753035391,vhpsd_90W_4s,0
30.0,30.0,3.0,4.0,800.0,0.5,281,123,0.05,0.2,2.806493833177093,3.9177305337876174,9.188114754098411,0.7163570360373424,0.9354979443923642,False,0.0,67.50511099450097,standard_30W_30s,0
50.0,10.0,3.0,4.0,800.0,0.5,281,123,0.05,0.2,1.7167310054828697,3.266609534559046,4.761885245901666,0.5255390910118704,0.5722436684942899,False,0.0,73.34382558857571,hpsd_50W_10s,0
90.0,4.0,3.0,4.0,800.0,0.5,281,123,0.05,0.2,1.2284947017651544,3.1551289955960073,3.445081967213134,0.3893643345422365,0.40949823392171814,False,0.0,83.81142574277419,vhpsd_90W_4s,0
30.0,30.0,3.0,4.0,800.0,1.0,281,123,0.05,0.2,3.0,4.386885745363994,11.297950819672193,0.6838564243826871,1.0,True,0.0,72.82683940338813,standard_30W_30s,1
50.0,10.0,3.0,4.0,800.0,1.0,281,123,0.05,0.2,1.9479717696669672,3.603541346074847,5.960655737704951,0.5405715052468575,0.6493239232223224,False,0.0,80.97830822329767,hpsd_50W_10s,0
90.0,4.0,3.0,4.0,800.0,1.0,281,123,0.05,0.2,1.4120242482660554,3.3906415869539135,4.230737704918056,0.4164475106124651,0.4706747494220185,False,0.0,93.34938824195095,vhpsd_90W_4s,0
30.0,30.0,3.0,4.0,800.0,1.5,281,123,0.05,0.2,3.0,4.795850361248835,12.847131147541054,0.6255407850587738,1.0,True,0.0,79.09290245226208,standard_30W_30s,1
50.0,10.0,3.0,4.0,800.0,1.5,281,123,0.05,0.2,2.1492444604421634,3.88280025080648,7.08934426229512,0.5535294945949777,0.7164148201473878,False,0.0,88.97638200551745,hpsd_50W_10s,0
90.0,4.0,3.0,4.0,800.0,1.5,281,123,0.05,0.2,1.5715702186320033,3.57109131852728,4.927868852459044,0.44008121844392367,0.5238567395440011,False,0.17704918032786984,102.3228029912425,vhpsd_90W_4s,0
30.0,30.0,3.0,4.0,800.0,2.0,281,123,0.05,0.2,3.0,5.159105724615136,14.138114754098439,0.5814961274560422,1.0,True,0.0,86.43784732565815,standard_30W_30s,1
50.0,10.0,3.0,4.0,800.0,2.0,281,123,0.05,0.2,2.3288013729759265,4.113123922864424,8.088934426229553,0.5661879915726254,0.7762671243253089,False,0.0,97.10888012287974,hpsd_50W_10s,0
90.0,4.0,3.0,4.0,800.0,2.0,281,123,0.05,0.2,1.7160376733187794,3.7135879760354347,5.569672131147572,0.4620969489326042,0.5720125577729265,False,0.973770491803284,110.51008473325618,vhpsd_90W_4s,0
30.0,30.0,3.0,4.0,1500.0,0.5,281,123,0.05,0.2,2.5835789142741676,3.294554073997481,6.584016393442659,0.7841968461423235,0.8611929714247225,False,0.0,62.96453345966958,standard_30W_30s,0
50.0,10.0,3.0,4.0,1500.0,0.5,281,123,0.05,0.2,1.5914658073040975,2.8535206224945293,3.4561475409836255,0.5577201001312015,0.5304886024346992,False,0.0,67.55540560692049,hpsd_50W_10s,0
90.0,4.0,3.0,4.0,1500.0,0.5,281,123,0.05,0.2,1.162302035842749,2.9084684877162603,2.777459016393458,0.3996268279170501,0.387434011947583,False,0.0,76.83019921617785,vhpsd_90W_4s,0
30.0,30.0,3.0,4.0,1500.0,1.0,281,123,0.05,0.2,2.9216825354283578,3.82798634720627,9.00000000000005,0.7632426739349923,0.9738941784761193,False,0.0,67.23581522539625,standard_30W_30s,0
50.0,10.0,3.0,4.0,1500.0,1.0,281,123,0.05,0.2,1.8577181477897655,3.2617627878626596,4.975819672131175,0.5695442215180446,0.6192393825965885,False,0.0,73.8642604083164,hpsd_50W_10s,0
90.0,4.0,3.0,4.0,1500.0,1.0,281,123,0.05,0.2,1.3699498879805545,3.186900036172563,3.7327868852459223,0.42986911181119175,0.4566499626601848,False,0.0,85.71027332295347,vhpsd_90W_4s,0
30.0,30.0,3.0,4.0,1500.0,1.5,281,123,0.05,0.2,3.0,4.277621242113392,11.04344262295088,0.7013243646877503,1.0,True,0.0,72.2104453095255,standard_30W_30s,1
50.0,10.0,3.0,4.0,1500.0,1.5,281,123,0.05,0.2,2.079348440193239,3.577934226601622,6.263114754098395,0.5811589337594495,0.6931161467310797,False,0.0,81.0246636104366,hpsd_50W_10s,0
90.0,4.0,3.0,4.0,1500.0,1.5,281,123,0.05,0.2,1.543468093979053,3.4007970357176376,4.599590163934452,0.45385481043662157,0.5144893646596843,False,0.0,94.61752073763118,vhpsd_90W_4s,0
30.0,30.0,3.0,4.0,1500.0,2.0,281,123,0.05,0.2,3.0,4.677691296338802,12.47827868852466,0.6413420232216008,1.0,True,0.0,78.04838346828308,standard_30W_30s,1
50.0,10.0,3.0,4.0,1500.0,2.0,281,123,0.05,0.2,2.2757355137926853,3.842914072947555,7.332786885245941,0.5921900595729876,0.7585785045975618,False,0.0,88.7304135313702,hpsd_50W_10s,0
90.0,4.0,3.0,4.0,1500.0,2.0,281,123,0.05,0.2,1.700281817188366,3.569364895286421,5.304098360655767,0.4763541602131233,0.5667606057294553,False,0.243442622950821,103.13126067718798,vhpsd_90W_4s,0
30.0,30.0,3.0,4.0,2500.0,0.5,281,123,0.05,0.2,2.4171578993376803,2.861558094478241,4.946311475409863,0.8446999220466325,0.8057192997792267,False,0.0,60.637538062420646,standard_30W_30s,0
50.0,10.0,3.0,4.0,2500.0,0.5,281,123,0.05,0.2,1.4794658793082434,2.5304288269783433,2.478688524590178,0.5846700225411656,0.4931552931027478,False,0.0,64.70414787167722,hpsd_50W_10s,0
90.0,4.0,3.0,4.0,2500.0,0.5,281,123,0.05,0.2,1.0966764117194119,2.705632788862163,2.1688524590164056,0.4053308402507246,0.3655588039064706,False,0.0,72.54942308806739,vhpsd_90W_4s,0
30.0,30.0,3.0,4.0,2500.0,1.0,281,123,0.05,0.2,2.7847909381756986,3.4577372083618663,7.384426229508237,0.8053795792928456,0.9282636460585661,False,0.0,64.30718736600373,standard_30W_30s,0
50.0,10.0,3.0,4.0,2500.0,1.0,281,123,0.05,0.2,1.7799488884673054,3.0122343695214835,4.053688524590187,0.5909065066374845,0.5933162961557684,False,0.0,69.85509171326274,hpsd_50W_10s,0
90.0,4.0,3.0,4.0,2500.0,1.0,281,123,0.05,0.2,1.3324062666754377,3.0336031437244033,3.2532786885246083,0.43921574561648863,0.4441354222251459,False,0.0,80.74109210789962,vhpsd_90W_4s,0
30.0,30.0,3.0,4.0,2500.0,1.5,281,123,0.05,0.2,3.0,3.941933582520299,9.59754098360661,0.761047830258452,1.0,True,0.0,68.59812306434884,standard_30W_30s,1
50.0,10.0,3.0,4.0,2500.0,1.5,281,123,0.05,0.2,2.0212938704057666,3.3613706375358854,5.41844262295085,0.601330257316555,0.6737646234685889,False,0.0,76.23657149871161,hpsd_50W_10s,0
90.0,4.0,3.0,4.0,2500.0,1.5,281,123,0.05,0.2,1.5200742774605405,3.2712254920721477,4.182786885245926,0.46468037166635495,0.5066914258201801,False,0.0,89.35423374654916,vhpsd_90W_4s,0
30.0,30.0,3.0,4.0,2500.0,2.0,281,123,0.05,0.2,3.0,4.361262298871877,11.202049180327933,0.6878742424586585,1.0,True,0.0,73.59173872072441,standard_30W_30s,1
50.0,10.0,3.0,4.0,2500.0,2.0,281,123,0.05,0.2,2.229718179746653,3.655514322394785,6.694672131147578,0.6099601815500287,0.7432393932488844,False,0.0,83.34759243770029,hpsd_50W_10s,0
90.0,4.0,3.0,4.0,2500.0,2.0,281,123,0.05,0.2,1.6832759938605952,3.4563395301830537,4.990573770491831,0.48701118022726375,0.5610919979535317,False,0.0,97.85280078818595,vhpsd_90W_4s,0
30.0,30.0,4.0,4.0,800.0,0.5,281,141,0.05,0.2,2.6285284540621303,3.715661674630492,8.107346938775555,0.7074186737745781,0.6571321135155326,False,0.0,65.90895107663088,standard_30W_30s,0
50.0,10.0,4.0,4.0,800.0,0.5,281,141,0.05,0.2,1.615665113473721,3.1424482527298063,4.305306122449003,0.5141421539941707,0.40391627836843025,False,0.0,71.5065803894083,hpsd_50W_10s,0
90.0,4.0,4.0,4.0,800.0,0.5,281,141,0.05,0.2,1.150739015950796,3.0674075802995793,3.1371428571428743,0.375150346286361,0.287684753987699,False,0.0,81.4702324625681,vhpsd_90W_4s,0
30.0,30.0,4.0,4.0,800.0,1.0,281,141,0.05,0.2,2.9545254614083194,4.21756483806624,10.395918367346995,0.7005287588567278,0.7386313653520798,False,0.0,71.1044429020995,standard_30W_30s,0
50.0,10.0,4.0,4.0,800.0,1.0,281,141,0.05,0.2,1.864666161656513,3.5023616398444277,5.57265306122452,0.532402519615119,0.46616654041412825,False,0.0,78.92884338139135,hpsd_50W_10s,0
90.0,4.0,4.0,4.0,800.0,1.0,281,141,0.05,0.2,1.3490357978546168,3.3167112683617517,3.960000000000022,0.40673899194154345,0.3372589494636542,False,0.0,90.74077014351649,vhpsd_90W_4s,0
30.0,30.0,4.0,4.0,800.0,1.5,281,141,0.05,0.2,3.239999762899229,4.644614704564598,12.566938775510273,0.697582031877703,0.8099999407248073,False,0.0,77.237278572426,standard_30W_30s,0
50.0,10.0,4.0,4.0,800.0,1.5,281,141,0.05,0.2,2.075254974733165,3.793123222477846,6.689387755102077,0.5471098229647048,0.5188137436832913,False,0.0,86.72846642259888,hpsd_50W_10s,0
90.0,4.0,4.0,4.0,800.0,1.5,281,141,0.05,0.2,1.5169047310561863,3.505463392147383,4.713061224489822,0.43272587996617423,0.37922618276404657,False,0.0,99.51199547632176,vhpsd_90W_4s,0
30.0,30.0,4.0,4.0,800.0,2.0,281,141,0.05,0.2,3.497835165125453,5.025364408564505,14.649795918367428,0.6960361240996272,0.8744587912813633,False,0.0,84.40667376773108,standard_30W_30s,0
50.0,10.0,4.0,4.0,800.0,2.0,281,141,0.05,0.2,2.2627855771107113,4.035380845326463,7.758367346938818,0.5607365608951964,0.5656963942776778,False,0.0,94.67428452544206,hpsd_50W_10s,0
90.0,4.0,4.0,4.0,800.0,2.0,281,141,0.05,0.2,1.6671098988093311,3.6603012420812684,5.4000000000000306,0.45545702076187666,0.4167774747023328,False,0.6832653061224527,107.55486115350548,vhpsd_90W_4s,0
30.0,30.0,4.0,4.0,1500.0,0.5,281,141,0.05,0.2,2.3870929769241607,3.0670718103989905,5.546938775510235,0.7782970613308293,0.5967732442310402,False,0.0,61.588852379928134,standard_30W_30s,0
50.0,10.0,4.0,4.0,1500.0,0.5,281,141,0.05,0.2,1.4720046151974144,2.713456930683251,2.9314285714285875,0.5424831323291954,0.3680011537993536,False,0.0,65.9919907644646,hpsd_50W_10s,0
90.0,4.0,4.0,4.0,1500.0,0.5,281,141,0.05,0.2,1.0720671209796175,2.813946399259504,2.380408163265319,0.38098349039687973,0.2680167802449044,False,0.0,74.8308998011412,vhpsd_90W_4s,0
30.0,30.0,4.0,4.0,1500.0,1.0,281,141,0.05,0.2,2.7550288044576625,3.6450408277019326,8.052244897959229,0.7558293403793256,0.6887572011144156,False,0.0,65.76571451583307,standard_30W_30s,0
50.0,10.0,4.0,4.0,1500.0,1.0,281,141,0.05,0.2,1.7641540057025002,3.1514651854000872,4.466938775510229,0.5597885116660541,0.44103850142562506,False,0.0,72.13923982573938,hpsd_50W_10s,0
90.0,4.0,4.0,4.0,1500.0,1.0,281,141,0.05,0.2,1.302022709167702,3.1079398109863403,3.4861224489796108,0.4189343386140062,0.3255056772919255,False,0.0,83.45958660172624,vhpsd_90W_4s,0
30.0,30.0,4.0,4.0,1500.0,1.5,281,141,0.05,0.2,3.070254475062208,4.117558972959715,10.34816326530618,0.7456491807949259,0.767563618765552,False,0.0,70.62661412872852,standard_30W_30s,0
50.0,10.0,4.0,4.0,1500.0,1.5,281,141,0.05,0.2,1.999598496266713,3.477995548349488,5.818775510204113,0.5749284231302824,0.49989962406667826,False,0.0,79.11122098846667,hpsd_50W_10s,0
90.0,4.0,4.0,4.0,1500.0,1.5,281,141,0.05,0.2,1.4849114005020323,3.3290048002037667,4.308979591836758,0.44605264624765384,0.3712278501255081,False,0.0,92.13278335038645,vhpsd_90W_4s,0
30.0,30.0,4.0,4.0,1500.0,2.0,281,141,0.05,0.2,3.352352210611922,4.536834654665164,12.537551020408234,0.7389187541064,0.8380880526529805,False,0.0,76.34545173974409,standard_30W_30s,0
50.0,10.0,4.0,4.0,1500.0,2.0,281,141,0.05,0.2,2.2066239740949523,3.758314750404962,6.997959183673507,0.5871312331829542,0.5516559935237381,False,0.0,86.63283392904164,hpsd_50W_10s,0
90.0,4.0,4.0,4.0,1500.0,2.0,281,141,0.05,0.2,1.6481900695803768,3.5085511237639033,5.065714285714313,0.4697637319339476,0.4120475173950942,False,0.036734693877551225,100.46594509860766,vhpsd_90W_4s,0
30.0,30.0,4.0,4.0,2500.0,0.5,281,141,0.05,0.2,2.200306803367398,2.596417824965267,3.8865306122449192,0.8474394152631547,0.5500767008418495,False,0.0,59.37307550551267,standard_30W_30s,0
50.0,10.0,4.0,4.0,2500.0,0.5,281,141,0.05,0.2,1.3355333001795517,2.3555256580676724,1.9138775510204187,0.5669788803214059,0.33388332504488794,False,0.0,63.26719712352945,hpsd_50W_10s,0
90.0,4.0,4.0,4.0,2500.0,0.5,281,141,0.05,0.2,0.9863834417989782,2.606122213516647,1.8110204081632753,0.37848702439321635,0.24659586044974455,False,0.0,70.7604974695656,vhpsd_90W_4s,0
30.0,30.0,4.0,4.0,2500.0,1.0,281,141,0.05,0.2,2.607811801749599,3.2621868002605874,6.443265306122484,0.7994060308077036,0.6519529504373998,False,0.0,62.96791400858173,standard_30W_30s,0
50.0,10.0,4.0,4.0,2500.0,1.0,281,141,0.05,0.2,1.679567667453349,2.894349808675524,3.5926530612245093,0.5802918715695708,0.41989191686333727,False,0.0,68.30795200849552,hpsd_50W_10s,0
90.0,4.0,4.0,4.0,2500.0,1.0,281,141,0.05,0.2,1.2567716797558757,2.9491989336696225,2.905714285714302,0.426140015652353,0.3141929199389689,False,0.0,78.71769188542874,vhpsd_90W_4s,0
30.0,30.0,4.0,4.0,2500.0,1.5,281,141,0.05,0.2,2.945431749213932,3.7764742849161292,8.7502040816327,0.7799422230884716,0.736357937303483,False,0.0,67.16576101193063,standard_30W_30s,0
50.0,10.0,4.0,4.0,2500.0,1.5,281,141,0.05,0.2,1.9375380469156296,3.2652710352765153,4.995918367346966,0.5933774029730894,0.4843845117289074,False,0.0,74.52538275211103,hpsd_50W_10s,0
90.0,4.0,4.0,4.0,2500.0,1.5,281,141,0.05,0.2,1.459348501219191,3.1984755001088083,3.8755102040816545,0.45626377352884073,0.3648371253047977,False,0.0,87.09577008286085,vhpsd_90W_4s,0
30.0,30.0,4.0,4.0,2500.0,2.0,281,141,0.05,0.2,3.243125234480478,4.217444942672579,10.96530612244904,0.768978677508312,0.8107813086201195,False,0.0,72.0474618394054,standard_30W_30s,0
50.0,10.0,4.0,4.0,2500.0,2.0,281,141,0.05,0.2,2.1580179797370427,3.5658432555979953,6.281632653061259,0.6051914862912674,0.5395044949342607,False,0.0,81.46380320977289,hpsd_50W_10s,0
90.0,4.0,4.0,4.0,2500.0,2.0,281,141,0.05,0.2,1.630935952550526,3.399779271536209,4.757142857142883,0.4797181882380201,0.4077339881376315,False,0.0,95.40207775402949,vhpsd_90W_4s,0
30.0,30.0,5.0,4.0,800.0,0.5,281,159,0.05,0.2,2.4768566163403745,3.530361805522406,7.279746835443078,0.7015871892976876,0.49537132326807487,False,0.0,64.52198437026051,standard_30W_30s,0
50.0,10.0,5.0,4.0,800.0,0.5,281,159,0.05,0.2,1.5206553216698564,3.026046904135212,3.8632459312839273,0.5025220592555327,0.3041310643339713,False,0.0,69.8816144436382,hpsd_50W_10s,0
90.0,4.0,5.0,4.0,800.0,0.5,281,159,0.05,0.2,1.0767763399227608,2.988398865305018,2.83792947558772,0.36031881567886254,0.21535526798455215,False,0.0,79.38883360136742,vhpsd_90W_4s,0
30.0,30.0,5.0,4.0,800.0,1.0,281,159,0.05,0.2,2.8241007436457086,4.059330967596843,9.594032549728807,0.6957059589840735,0.5648201487291418,False,0.0,69.59558438705601,standard_30W_30s,0
50.0,10.0,5.0,4.0,800.0,1.0,281,159,0.05,0.2,1.787266049328429,3.4039995595739136,5.199819168173627,0.52504884858215,0.3574532098656858,False,0.0,77.10325929135836,hpsd_50W_10s,0
90.0,4.0,5.0,4.0,800.0,1.0,281,159,0.05,0.2,1.2900449720464702,3.247747418988122,3.7314195298372725,0.3972122230023665,0.25800899440929403,False,0.0,88.40967030304903,vhpsd_90W_4s,0
30.0,30.0,5.0,4.0,800.0,1.5,281,159,0.05,0.2,3.124104789313661,4.503210419066882,11.743535262206214,0.6937505687244817,0.6248209578627322,False,0.0,75.59236095694105,standard_30W_30s,0
50.0,10.0,5.0,4.0,800.0,1.5,281,159,0.05,0.2,2.0083981374778785,3.703117898944107,6.327667269439457,0.542353279664832,0.40167962749557573,False,0.0,84.7163945378522,hpsd_50W_10s,0
90.0,4.0,5.0,4.0,800.0,1.5,281,159,0.05,0.2,1.4657685148655397,3.4448457354270374,4.474773960217024,0.4254961259343118,0.29315370297310794,False,0.0,96.98945824718164,vhpsd_90W_4s,0
30.0,30.0,5.0,4.0,800.0,2.0,281,159,0.05,0.2,3.3937216638920904,4.8987229981789655,13.885714285714364,0.6927768043128099,0.6787443327784181,False,0.0,82.59617437591491,standard_30W_30s,0
50.0,10.0,5.0,4.0,800.0,2.0,281,159,0.05,0.2,2.2033698968649236,3.9551136734295156,7.415235081374363,0.5570939494526237,0.4406739793729847,False,0.0,92.49409239411256,hpsd_50W_10s,0
90.0,4.0,5.0,4.0,800.0,2.0,281,159,0.05,0.2,1.6231690187468861,3.5956111748242243,5.166862567811964,0.4514306302394437,0.3246338037493772,False,0.42477396021700053,104.89373047811536,vhpsd_90W_4s,0
30.0,30.0,5.0,4.0,1500.0,0.5,281,159,0.05,0.2,2.2131372558315725,2.852520648549681,4.665189873417747,0.7758531938960047,0.4426274511663145,False,0.0,60.40204203411231,standard_30W_30s,0
50.0,10.0,5.0,4.0,1500.0,0.5,281,159,0.05,0.2,1.3550927534813146,2.576333202444774,2.4351265822784947,0.5259772890383198,0.2710185506962629,False,0.0,64.6180002137762,hpsd_50W_10s,0
90.0,4.0,5.0,4.0,1500.0,0.5,281,159,0.05,0.2,0.9800045384201286,2.7270409490753176,2.101898734177227,0.35936553822282263,0.19600090768402573,False,0.0,73.05542679721468,vhpsd_90W_4s,0
30.0,30.0,5.0,4.0,1500.0,1.0,281,159,0.05,0.2,2.612764737938153,3.472209914478572,7.177215189873458,0.7524789117856421,0.5225529475876306,False,0.0,64.48542141580997,standard_30W_30s,0
50.0,10.0,5.0,4.0,1500.0,1.0,281,159,0.05,0.2,1.6786712656059022,3.0455926923101324,4.086618444846316,0.5511804877403361,0.33573425312118044,False,0.0,70.60639623976218,hpsd_50W_10s,0
90.0,4.0,5.0,4.0,1500.0,1.0,281,159,0.05,0.2,1.2372098068746589,3.041332474459821,3.204113924050651,0.4067986046459465,0.24744196137493177,False,0.0,81.4481802353188,vhpsd_90W_4s,0
30.0,30.0,5.0,4.0,1500.0,1.5,281,159,0.05,0.2,2.9471362972825856,3.971474938348422,9.583047016274918,0.7420760153425977,0.5894272594565171,False,0.0,69.23675106319433,standard_30W_30s,0
50.0,10.0,5.0,4.0,1500.0,1.5,281,159,0.05,0.2,1.928782637978921,3.3924589371166562,5.474457504520826,0.56855003221299,0.3857565275957842,False,0.0,77.40111235911317,hpsd_50W_10s,0
90.0,4.0,5.0,4.0,1500.0,1.5,281,159,0.05,0.2,1.432190679751861,3.270125152636667,4.134222423146497,0.43796203903605985,0.2864381359503722,False,0.0,89.90427269007677,vhpsd_90W_4s,0
30.0,30.0,5.0,4.0,1500.0,2.0,281,159,0.05,0.2,3.242018720311327,4.4058265072604,11.780153707052508,0.7358480219247798,0.6484037440622654,False,0.0,74.83532987153752,standard_30W_30s,0
50.0,10.0,5.0,4.0,1500.0,2.0,281,159,0.05,0.2,2.1441968133727136,3.6782338185175067,6.657233273056094,0.582941955070415,0.4288393626745427,False,0.0,84.75071413768859,hpsd_50W_10s,0
90.0,4.0,5.0,4.0,1500.0,2.0,281,159,0.05,0.2,1.6005583282626727,3.450260390488811,4.851943942133842,0.4638949375168509,0.32011166565253457,False,0.0,98.06747195088332,vhpsd_90W_4s,0
30.0,30.0,5.0,4.0,2500.0,0.5,281,159,0.05,0.2,2.000878105898764,2.328697620709793,2.951446654611228,0.8592262422155486,0.4001756211797528,False,0.0,58.28772864853962,standard_30W_30s,0
50.0,10.0,5.0,4.0,2500.0,0.5,281,159,0.05,0.2,1.1780887316458053,2.154453251933038,1.288969258589519,0.5468156389974068,0.23561774632916105,False,0.0,62.012516920099884,hpsd_50W_10s,0
90.0,4.0,5.0,4.0,2500.0,0.5,281,159,0.05,0.2,0.8547557681049287,2.5054617467543743,1.3878390596745105,0.3411569820262459,0.17095115362098573,False,0.0,69.17463646324501,vhpsd_90W_4s,0
30.0,30.0,5.0,4.0,2500.0,1.0,281,159,0.05,0.2,2.454427214489172,3.0768374722915297,5.598960216998223,0.7977110382308213,0.4908854428978344,False,0.0,61.80689366041311,standard_30W_30s,0
50.0,10.0,5.0,4.0,2500.0,1.0,281,159,0.05,0.2,1.583263459908716,2.7805667829118628,3.1784810126582457,0.5694031409850521,0.31665269198174323,False,0.0,66.93709571206914,hpsd_50W_10s,0
90.0,4.0,5.0,4.0,2500.0,1.0,281,159,0.05,0.2,1.1855474342830803,2.879713433337402,2.6511754068716242,0.4116893787272115,0.23710948685661606,False,0.0,76.91037111145391,vhpsd_90W_4s,0
30.0,30.0,5.0,4.0,2500.0,1.5,281,159,0.05,0.2,2.815866078086357,3.6216694249797516,7.960849909584132,0.777504997740676,0.5631732156172714,False,0.0,65.91390073504981,standard_30W_30s,0
50.0,10.0,5.0,4.0,2500.0,1.5,281,159,0.05,0.2,1.8618867398067425,3.170404578844521,4.580967450271274,0.5872710228312003,0.37237734796134847,False,0.0,72.99899140793885,hpsd_50W_10s,0
90.0,4.0,5.0,4.0,2500.0,1.5,281,159,0.05,0.2,1.4023360219375138,3.1388327851957327,3.6545207956600567,0.4467699039437892,0.2804672043875028,False,0.0,85.07067396509719,vhpsd_90W_4s,0
30.0,30.0,5.0,4.0,2500.0,2.0,281,159,0.05,0.2,3.1285260357032354,4.082287404988806,10.227531645569677,0.7663659427506218,0.625705207140647,False,0.0,70.6889893398675,standard_30W_30s,0
50.0,10.0,5.0,4.0,2500.0,2.0,281,159,0.05,0.2,2.092800748761628,3.478890752921062,5.913878842676344,0.6015712758454403,0.4185601497523256,False,0.0,79.77497638380936,hpsd_50W_10s,0
90.0,4.0,5.0,4.0,2500.0,2.0,281,159,0.05,0.2,1.5816315224698643,3.334784948740202,4.526039783001833,0.4742829138254822,0.31632630449397287,False,0.0,93.19659406497502,vhpsd_90W_4s,0
30.0,30.0,6.0,4.0,800.0,0.5,281,176,0.05,0.2,2.336013443766345,3.3507732252918685,6.432244897959219,0.6971565327471144,0.3893355739610575,False,0.0,63.28230237747346,standard_30W_30s,0
50.0,10.0,6.0,4.0,800.0,0.5,281,176,0.05,0.2,1.4271805315059636,2.912981353720416,3.4420408163265495,0.48993809372764785,0.2378634219176606,False,0.0,68.40925391681499,hpsd_50W_10s,0
90.0,4.0,6.0,4.0,800.0,0.5,281,176,0.05,0.2,1.0037791653301145,2.9128550502071073,2.615510204081647,0.34460319790328897,0.1672965275550191,False,0.0,77.4929157780521,vhpsd_90W_4s,0
30.0,30.0,6.0,4.0,800.0,1.0,281,176,0.05,0.2,2.7057383690353882,3.9079687401799914,8.860408163265356,0.6923643838847003,0.4509563948392314,False,0.0,68.23226451978908,standard_30W_30s,0
50.0,10.0,6.0,4.0,800.0,1.0,281,176,0.05,0.2,1.7125686028081712,3.3088216208865653,4.841632653061252,0.5175765873862085,0.2854281004680285,False,0.0,75.4391791221511,hpsd_50W_10s,0
90.0,4.0,6.0,4.0,800.0,1.0,281,176,0.05,0.2,1.2332350145379127,3.1830021962365804,3.5338775510204274,0.38744397223351806,0.2055391690896521,False,0.0,86.27812276419672,vhpsd_90W_4s,0
30.0,30.0,6.0,4.0,800.0,1.5,281,176,0.05,0.2,3.0204679417301294,4.369016630652677,10.99469387755108,0.6913381653296451,0.5034113236216883,False,0.0,74.09156841611662,standard_30W_30s,0
50.0,10.0,6.0,4.0,800.0,1.5,281,176,0.05,0.2,1.944607989692502,3.6160996670445655,5.991428571428605,0.5377639359375921,0.324101331615417,False,0.0,82.86485591401112,hpsd_50W_10s,0
90.0,4.0,6.0,4.0,800.0,1.5,281,176,0.05,0.2,1.4170935940297602,3.386590561724905,4.286938775510229,0.41844255105582845,0.2361822656716267,False,0.0,94.66490821598558,vhpsd_90W_4s,0
30.0,30.0,6.0,4.0,800.0,2.0,281,176,0.05,0.2,3.300742352977506,4.7787637245132935,13.180408163265378,0.6907105149488594,0.550123725496251,False,0.0,80.93647994917765,standard_30W_30s,0
50.0,10.0,6.0,4.0,800.0,2.0,281,176,0.05,0.2,2.148172635452,3.8761412496956837,7.0751020408163665,0.554203909782868,0.35802877257533333,False,0.0,90.47127455851256,hpsd_50W_10s,0
90.0,4.0,6.0,4.0,800.0,2.0,281,176,0.05,0.2,1.580169665736552,3.5506468970360077,4.981224489795946,0.4450371190262931,0.263361610956092,False,0.22040816326530732,102.42234413924271,vhpsd_90W_4s,0
30.0,30.0,6.0,4.0,1500.0,0.5,281,176,0.05,0.2,2.0480466329342377,2.6416781096879554,3.8387755102041026,0.7752824333227186,0.3413411054890396,False,0.0,59.34245057846656,standard_30W_30s,0
50.0,10.0,6.0,4.0,1500.0,0.5,281,176,0.05,0.2,1.2334255156178098,2.4369572740692798,1.9395918367347045,0.506133418399335,0.20557091926963497,False,0.0,63.37874053376774,hpsd_50W_10s,0
90.0,4.0,6.0,4.0,1500.0,0.5,281,176,0.05,0.2,0.8783436153602265,2.6408409249112017,1.744897959183683,0.33259997112085077,0.14639060256003775,False,0.0,71.44597272108992,vhpsd_90W_4s,0
30.0,30.0,6.0,4.0,1500.0,1.0,281,176,0.05,0.2,2.482716676452273,3.312304414130684,6.472653061224525,0.7495436306701487,0.41378611274204546,False,0.0,63.33296361075613,standard_30W_30s,0
50.0,10.0,6.0,4.0,1500.0,1.0,281,176,0.05,0.2,1.594613857929118,2.9429696795671174,3.658775510204102,0.5418383576971375,0.2657689763215197,False,0.0,69.20864619106729,hpsd_50W_10s,0
90.0,4.0,6.0,4.0,1500.0,1.0,281,176,0.05,0.2,1.173392917468195,2.9659649181709224,2.9534693877551184,0.39561928405809105,0.19556548624469916,False,0.0,79.5995731328247,vhpsd_90W_4s,0
30.0,30.0,6.0,4.0,1500.0,1.5,281,176,0.05,0.2,2.836073832647976,3.8325878768125055,8.867755102040865,0.739989251076661,0.47267897210799603,False,0.0,67.9787202783946,standard_30W_30s,0
50.0,10.0,6.0,4.0,1500.0,1.5,281,176,0.05,0.2,1.8617335188081274,3.304775560387255,5.117142857142885,0.5633464314865512,0.3102889198013546,False,0.0,75.83739479658207,hpsd_50W_10s,0
90.0,4.0,6.0,4.0,1500.0,1.5,281,176,0.05,0.2,1.3807242554093833,3.2041734820134433,3.9012244897959403,0.43091432569430094,0.23012070923489722,False,0.0,87.85677839107787,vhpsd_90W_4s,0
30.0,30.0,6.0,4.0,1500.0,2.0,281,176,0.05,0.2,3.143760643774293,4.281224934578711,11.086530612244959,0.7343133546622798,0.5239601072957155,False,0.0,73.45463560213213,standard_30W_30s,0
50.0,10.0,6.0,4.0,1500.0,2.0,281,176,0.05,0.2,2.0858038014154334,3.5951441209341093,6.329387755102076,0.5801725136052373,0.34763396690257226,False,0.0,83.01386952902428,hpsd_50W_10s,0
90.0,4.0,6.0,4.0,1500.0,2.0,281,176,0.05,0.2,1.55693942625353,3.3980672714769264,4.687346938775535,0.4581838150534396,0.25948990437558833,False,0.0,95.84808978509471,vhpsd_90W_4s,0
30.0,30.0,6.0,4.0,2500.0,0.5,281,176,0.05,0.2,1.8010642536461121,2.0263293717787523,2.0277551020408273,0.8888309466022802,0.30017737560768537,False,0.0,57.32151192013567,standard_30W_30s,0
50.0,10.0,6.0,4.0,2500.0,0.5,281,176,0.05,0.2,0.9386950835249668,1.8431256867018115,0.5032653061224518,0.5092952099239192,0.15644918058749446,False,0.0,60.88631910024233,hpsd_50W_10s,0
90.0,4.0,6.0,4.0,2500.0,0.5,281,176,0.05,0.2,0.0,2.3993823135209835,0.8522448979591883,0.0,0.0,False,0.0,67.7348951880091,vhpsd_90W_4s,0
30.0,30.0,6.0,4.0,2500.0,1.0,281,176,0.05,0.2,2.3124355413338145,2.9031253624287428,4.885714285714312,0.7965331333123142,0.38540592355563574,False,0.0,60.76448777137093,standard_30W_30s,0
50.0,10.0,6.0,4.0,2500.0,1.0,281,176,0.05,0.2,1.4878405863521382,2.6713091961464026,2.740408163265321,0.5569705627856478,0.24797343105868971,False,0.0,65.69168734267647,hpsd_50W_10s,0
90.0,4.0,6.0,4.0,2500.0,1.0,281,176,0.05,0.2,1.1127309631068372,2.803643319184831,2.380408163265319,0.3968874911771471,0.1854551605178062,False,0.0,75.25024910190267,vhpsd_90W_4s,0
30.0,30.0,6.0,4.0,2500.0,1.5,281,176,0.05,0.2,2.697742616646518,3.4749759675484952,7.247755102040857,0.7763341795280688,0.44962376944108634,False,0.0,64.78353366879054,standard_30W_30s,0
50.0,10.0,6.0,4.0,2500.0,1.5,281,176,0.05,0.2,1.788831305649343,3.0775371039588935,4.250204081632677,0.5812541799571546,0.29813855094155717,False,0.0,71.60334133855217,hpsd_50W_10s,0
90.0,4.0,6.0,4.0,2500.0,1.5,281,176,0.05,0.2,1.3471935804389907,3.0723783812766845,3.386938775510223,0.43848556826492935,0.22453226340649846,False,0.0,83.20932896953957,vhpsd_90W_4s,0
30.0,30.0,6.0,4.0,2500.0,2.0,281,176,0.05,0.2,3.0259872094986484,3.9535919191791695,9.514285714285766,0.765376718527615,0.5043312015831081,False,0.0,69.45829331023243,standard_30W_30s,0
50.0,10.0,6.0,4.0,2500.0,2.0,281,176,0.05,0.2,2.031648998637138,3.4042784472974654,5.602040816326562,0.596792838802593,0.338608166439523,False,0.0,78.22005778203581,hpsd_50W_10s,0
90.0,4.0,6.0,4.0,2500.0,2.0,281,176,0.05,0.2,1.5346280192220976,3.287356673751712,4.308979591836758,0.46682735447465024,0.2557713365370163,False,0.0,91.15171870453271,vhpsd_90W_4s,0
