power_W,duration_s,wall_thickness_mm,bottom_buffer_mm,cooling_h_W_per_m2K,insertion_depth_mm,nx,ny,dt_s,source_smoothing_mm,lesion_depth_mm,depth_fraction,transmural,overheat_area_mm2,peak_temperature_C,name,transmural_int
30.0,30.0,2.0,4.0,800.0,0.5,281,106,0.05,0.2,2.0,1.0,True,0.0,69.44709803051825,standard_30W_30s,1
50.0,10.0,2.0,4.0,800.0,0.5,281,106,0.05,0.2,1.8329103139577796,0.9164551569788896,False,0.0,75.50573460225291,hpsd_50W_10s,0
90.0,4.0,2.0,4.0,800.0,0.5,281,106,0.05,0.2,1.3112395455496326,0.6556197727748163,False,0.0,86.55066263581384,vhpsd_90W_4s,0
30.0,30.0,2.0,4.0,800.0,1.0,281,106,0.05,0.2,2.0,1.0,True,0.0,74.90516446721749,standard_30W_30s,1
50.0,10.0,2.0,4.0,800.0,1.0,281,106,0.05,0.2,2.0,1.0,True,0.0,83.36934848879346,hpsd_50W_10s,1
90.0,4.0,2.0,4.0,800.0,1.0,281,106,0.05,0.2,1.4813655553967855,0.7406827776983929,False,0.0,96.38101952228378,vhpsd_90W_4s,0
30.0,30.0,2.0,4.0,800.0,1.5,281,106,0.05,0.2,2.0,1.0,True,0.0,81.29669313070485,standard_30W_30s,1
50.0,10.0,2.0,4.0,800.0,1.5,281,106,0.05,0.2,2.0,1.0,True,0.0,91.60438743712024,hpsd_50W_10s,1
90.0,4.0,2.0,4.0,800.0,1.5,281,106,0.05,0.2,1.6344570090776591,0.8172285045388297,False,0.4261224489795941,105.59264552789828,vhpsd_90W_4s,0
30.0,30.0,2.0,4.0,800.0,2.0,281,106,0.05,0.2,2.0,1.0,True,0.0,88.83424529685749,standard_30W_30s,1
50.0,10.0,2.0,4.0,800.0,2.0,281,106,0.05,0.2,2.0,1.0,True,0.0,99.94614970103152,hpsd_50W_10s,1
90.0,4.0,2.0,4.0,800.0,2.0,281,106,0.05,0.2,1.771945426859206,0.8859727134296029,False,1.410612244897967,113.95869014449912,vhpsd_90W_4s,0
30.0,30.0,2.0,4.0,1500.0,0.5,281,106,0.05,0.2,2.0,1.0,True,0.0,64.66010322846056,standard_30W_30s,1
50.0,10.0,2.0,4.0,1500.0,0.5,281,106,0.05,0.2,1.7228934497717197,0.8614467248858598,False,0.0,69.407263317188,hpsd_50W_10s,0
90.0,4.0,2.0,4.0,1500.0,0.5,281,106,0.05,0.2,1.2563845308740598,0.6281922654370299,False,0.0,79.1599636958863,vhpsd_90W_4s,0
30.0,30.0,2.0,4.0,1500.0,1.0,281,106,0.05,0.2,2.0,1.0,True,0.0,69.02823745928728,standard_30W_30s,1
50.0,10.0,2.0,4.0,1500.0,1.0,281,106,0.05,0.2,1.96482681853361,0.982413409266805,False,0.0,75.89068473896921,hpsd_50W_10s,0
90.0,4.0,2.0,4.0,1500.0,1.0,281,106,0.05,0.2,1.446999233430813,0.7234996167154065,False,0.0,88.34556870664963,vhpsd_90W_4s,0
30.0,30.0,2.0,4.0,1500.0,1.5,281,106,0.05,0.2,2.0,1.0,True,0.0,74.12200348271432,standard_30W_30s,1
50.0,10.0,2.0,4.0,1500.0,1.5,281,106,0.05,0.2,2.0,1.0,True,0.0,83.25026952226618,hpsd_50W_10s,1
90.0,4.0,2.0,4.0,1500.0,1.5,281,106,0.05,0.2,1.6093242915238597,0.8046621457619298,False,0.0,97.50097482961496,vhpsd_90W_4s,0
30.0,30.0,2.0,4.0,1500.0,2.0,281,106,0.05,0.2,2.0,1.0,True,0.0,80.08452427113525,standard_30W_30s,1
50.0,10.0,2.0,4.0,1500.0,2.0,281,106,0.05,0.2,2.0,1.0,True,0.0,91.17926329453287,hpsd_50W_10s,1
90.0,4.0,2.0,4.0,1500.0,2.0,281,106,0.05,0.2,1.758344011962884,0.879172005981442,False,0.5216326530612273,106.23129142264968,vhpsd_90W_4s,0
30.0,30.0,2.0,4.0,2500.0,0.5,281,106,0.05,0.2,2.0,1.0,True,0.0,62.2102086461754,standard_30W_30s,1
50.0,10.0,2.0,4.0,2500.0,0.5,281,106,0.05,0.2,1.629821621606102,0.814910810803051,False,0.0,66.42858340162165,hpsd_50W_10s,0
90.0,4.0,2.0,4.0,2500.0,0.5,281,106,0.05,0.2,1.2056474436632587,0.6028237218316294,False,0.0,74.6482640289099,vhpsd_90W_4s,0
30.0,30.0,2.0,4.0,2500.0,1.0,281,106,0.05,0.2,2.0,1.0,True,0.0,65.95399960685766,standard_30W_30s,1
50.0,10.0,2.0,4.0,2500.0,1.0,281,106,0.05,0.2,1.8956642885150563,0.9478321442575284,False,0.0,71.67630811789715,hpsd_50W_10s,0
90.0,4.0,2.0,4.0,2500.0,1.0,281,106,0.05,0.2,1.4142510337207044,0.7071255168603522,False,0.0,83.11194207292546,vhpsd_90W_4s,0
30.0,30.0,2.0,4.0,2500.0,1.5,281,106,0.05,0.2,2.0,1.0,True,0.0,70.34000045417179,standard_30W_30s,1
50.0,10.0,2.0,4.0,2500.0,1.5,281,106,0.05,0.2,2.0,1.0,True,0.0,78.23694549769408,hpsd_50W_10s,1
90.0,4.0,2.0,4.0,2500.0,1.5,281,106,0.05,0.2,1.5878461586875765,0.7939230793437881,False,0.0,91.97889513407829,vhpsd_90W_4s,0
30.0,30.0,2.0,4.0,2500.0,2.0,281,106,0.05,0.2,2.0,1.0,True,0.0,75.45444938304003,standard_30W_30s,1
50.0,10.0,2.0,4.0,2500.0,2.0,281,106,0.05,0.2,2.0,1.0,True,0.0,85.54495356301015,hpsd_50W_10s,1
90.0,4.0,2.0,4.0,2500.0,2.0,281,106,0.05,0.2,1.74397496868145,0.8719874843407249,False,0.0514285714285717,100.71204753035391,vhpsd_90W_4s,0
30.0,30.0,3.0,4.0,800.0,0.5,281,123,0.05,0.2,2.806493833177093,0.9354979443923642,False,0.0,67.50511099450097,standard_30W_30s,0
50.0,10.0,3.0,4.0,800.0,0.5,281,123,0.05,0.2,1.7167310054828695,0.5722436684942899,False,0.0,73.34382558857571,hpsd_50W_10s,0
90.0,4.0,3.0,4.0,800.0,0.5,281,123,0.05,0.2,1.2284947017651544,0.4094982339217181,False,0.0,83.81142574277419,vhpsd_90W_4s,0
30.0,30.0,3.0,4.0,800.0,1.0,281,123,0.05,0.2,3.0,1.0,True,0.0,72.82683940338813,standard_30W_30s,1
50.0,10.0,3.0,4.0,800.0,1.0,281,123,0.05,0.2,1.9479717696669672,0.6493239232223224,False,0.0,80.97830822329767,hpsd_50W_10s,0
90.0,4.0,3.0,4.0,800.0,1.0,281,123,0.05,0.2,1.4120242482660554,0.4706747494220185,False,0.0,93.34938824195096,vhpsd_90W_4s,0
30.0,30.0,3.0,4.0,800.0,1.5,281,123,0.05,0.2,3.0,1.0,True,0.0,79.09290245226208,standard_30W_30s,1
50.0,10.0,3.0,4.0,800.0,1.5,281,123,0.05,0.2,2.1492444604421634,0.7164148201473878,False,0.0,88.97638200551745,hpsd_50W_10s,0
90.0,4.0,3.0,4.0,800.0,1.5,281,123,0.05,0.2,1.5715702186320033,0.5238567395440011,False,0.1770491803278698,102.3228029912425,vhpsd_90W_4s,0
30.0,30.0,3.0,4.0,800.0,2.0,281,123,0.05,0.2,3.0,1.0,True,0.0,86.43784732565815,standard_30W_30s,1
50.0,10.0,3.0,4.0,800.0,2.0,281,123,0.05,0.2,2.3288013729759265,0.7762671243253089,False,0.0,97.10888012287974,hpsd_50W_10s,0
90.0,4.0,3.0,4.0,800.0,2.0,281,123,0.05,0.2,1.7160376733187794,0.5720125577729265,False,0.973770491803284,110.51008473325618,vhpsd_90W_4s,0
30.0,30.0,3.0,4.0,1500.0,0.5,281,123,0.05,0.2,2.583578914274168,0.8611929714247225,False,0.0,62.96453345966958,standard_30W_30s,0
50.0,10.0,3.0,4.0,1500.0,0.5,281,123,0.05,0.2,1.5914658073040977,0.5304886024346992,False,0.0,67.55540560692049,hpsd_50W_10s,0
90.0,4.0,3.0,4.0,1500.0,0.5,281,123,0.05,0.2,1.162302035842749,0.387434011947583,False,0.0,76.83019921617785,vhpsd_90W_4s,0
30.0,30.0,3.0,4.0,1500.0,1.0,281,123,0.05,0.2,2.9216825354283578,0.9738941784761193,False,0.0,67.23581522539625,standard_30W_30s,0
50.0,10.0,3.0,4.0,1500.0,1.0,281,123,0.05,0.2,1.8577181477897653,0.6192393825965885,False,0.0,73.8642604083164,hpsd_50W_10s,0
90.0,4.0,3.0,4.0,1500.0,1.0,281,123,0.05,0.2,1.3699498879805545,0.4566499626601848,False,0.0,85.71027332295347,vhpsd_90W_4s,0
30.0,30.0,3.0,4.0,1500.0,1.5,281,123,0.05,0.2,3.0,1.0,True,0.0,72.2104453095255,standard_30W_30s,1
50.0,10.0,3.0,4.0,1500.0,1.5,281,123,0.05,0.2,2.079348440193239,0.6931161467310797,False,0.0,81.0246636104366,hpsd_50W_10s,0
90.0,4.0,3.0,4.0,1500.0,1.5,281,123,0.05,0.2,1.543468093979053,0.5144893646596843,False,0.0,94.61752073763118,vhpsd_90W_4s,0
30.0,30.0,3.0,4.0,1500.0,2.0,281,123,0.05,0.2,3.0,1.0,True,0.0,78.04838346828308,standard_30W_30s,1
50.0,10.0,3.0,4.0,1500.0,2.0,281,123,0.05,0.2,2.2757355137926853,0.7585785045975618,False,0.0,88.7304135313702,hpsd_50W_10s,0
90.0,4.0,3.0,4.0,1500.0,2.0,281,123,0.05,0.2,1.700281817188366,0.5667606057294553,False,0.243442622950821,103.13126067718798,vhpsd_90W_4s,0
30.0,30.0,3.0,4.0,2500.0,0.5,281,123,0.05,0.2,2.4171578993376803,0.8057192997792267,False,0.0,60.637538062420646,standard_30W_30s,0
50.0,10.0,3.0,4.0,2500.0,0.5,281,123,0.05,0.2,1.4794658793082434,0.4931552931027478,False,0.0,64.70414787167722,hpsd_50W_10s,0
90.0,4.0,3.0,4.0,2500.0,0.5,281,123,0.05,0.2,1.096676411719412,0.3655588039064706,False,0.0,72.54942308806739,vhpsd_90W_4s,0
30.0,30.0,3.0,4.0,2500.0,1.0,281,123,0.05,0.2,2.7847909381756986,0.928263646058566,False,0.0,64.30718736600373,standard_30W_30s,0
50.0,10.0,3.0,4.0,2500.0,1.0,281,123,0.05,0.2,1.7799488884673054,0.5933162961557684,False,0.0,69.85509171326274,hpsd_50W_10s,0
90.0,4.0,3.0,4.0,2500.0,1.0,281,123,0.05,0.2,1.3324062666754375,0.4441354222251459,False,0.0,80.74109210789962,vhpsd_90W_4s,0
30.0,30.0,3.0,4.0,2500.0,1.5,281,123,0.05,0.2,3.0,1.0,True,0.0,68.59812306434884,standard_30W_30s,1
50.0,10.0,3.0,4.0,2500.0,1.5,281,123,0.05,0.2,2.0212938704057666,0.6737646234685889,False,0.0,76.23657149871161,hpsd_50W_10s,0
90.0,4.0,3.0,4.0,2500.0,1.5,281,123,0.05,0.2,1.5200742774605405,0.5066914258201801,False,0.0,89.35423374654916,vhpsd_90W_4s,0
30.0,30.0,3.0,4.0,2500.0,2.0,281,123,0.05,0.2,3.0,1.0,True,0.0,73.59173872072441,standard_30W_30s,1
50.0,10.0,3.0,4.0,2500.0,2.0,281,123,0.05,0.2,2.229718179746653,0.7432393932488844,False,0.0,83.34759243770029,hpsd_50W_10s,0
90.0,4.0,3.0,4.0,2500.0,2.0,281,123,0.05,0.2,1.6832759938605952,0.5610919979535317,False,0.0,97.85280078818596,vhpsd_90W_4s,0
30.0,30.0,4.0,4.0,800.0,0.5,281,141,0.05,0.2,2.6285284540621303,0.6571321135155326,False,0.0,65.90895107663088,standard_30W_30s,0
50.0,10.0,4.0,4.0,800.0,0.5,281,141,0.05,0.2,1.615665113473721,0.4039162783684302,False,0.0,71.5065803894083,hpsd_50W_10s,0
90.0,4.0,4.0,4.0,800.0,0.5,281,141,0.05,0.2,1.150739015950796,0.287684753987699,False,0.0,81.4702324625681,vhpsd_90W_4s,0
30.0,30.0,4.0,4.0,800.0,1.0,281,141,0.05,0.2,2.9545254614083194,0.7386313653520798,False,0.0,71.1044429020995,standard_30W_30s,0
50.0,10.0,4.0,4.0,800.0,1.0,281,141,0.05,0.2,1.864666161656513,0.4661665404141282,False,0.0,78.92884338139135,hpsd_50W_10s,0
90.0,4.0,4.0,4.0,800.0,1.0,281,141,0.05,0.2,1.3490357978546168,0.3372589494636542,False,0.0,90.74077014351649,vhpsd_90W_4s,0
30.0,30.0,4.0,4.0,800.0,1.5,281,141,0.05,0.2,3.239999762899229,0.8099999407248073,False,0.0,77.237278572426,standard_30W_30s,0
50.0,10.0,4.0,4.0,800.0,1.5,281,141,0.05,0.2,2.075254974733165,0.5188137436832913,False,0.0,86.72846642259888,hpsd_50W_10s,0
90.0,4.0,4.0,4.0,800.0,1.5,281,141,0.05,0.2,1.5169047310561865,0.3792261827640465,False,0.0,99.51199547632176,vhpsd_90W_4s,0
30.0,30.0,4.0,4.0,800.0,2.0,281,141,0.05,0.2,3.497835165125453,0.8744587912813633,False,0.0,84.40667376773108,standard_30W_30s,0
50.0,10.0,4.0,4.0,800.0,2.0,281,141,0.05,0.2,2.2627855771107117,0.5656963942776778,False,0.0,94.67428452544206,hpsd_50W_10s,0
90.0,4.0,4.0,4.0,800.0,2.0,281,141,0.05,0.2,1.6671098988093311,0.4167774747023328,False,0.6832653061224527,107.55486115350548,vhpsd_90W_4s,0
30.0,30.0,4.0,4.0,1500.0,0.5,281,141,0.05,0.2,2.3870929769241607,0.5967732442310402,False,0.0,61.58885237992813,standard_30W_30s,0
50.0,10.0,4.0,4.0,1500.0,0.5,281,141,0.05,0.2,1.4720046151974144,0.3680011537993536,False,0.0,65.9919907644646,hpsd_50W_10s,0
90.0,4.0,4.0,4.0,1500.0,0.5,281,141,0.05,0.2,1.0720671209796175,0.2680167802449044,False,0.0,74.8308998011412,vhpsd_90W_4s,0
30.0,30.0,4.0,4.0,1500.0,1.0,281,141,0.05,0.2,2.7550288044576625,0.6887572011144156,False,0.0,65.76571451583307,standard_30W_30s,0
50.0,10.0,4.0,4.0,1500.0,1.0,281,141,0.05,0.2,1.7641540057025002,0.441038501425625,False,0.0,72.13923982573938,hpsd_50W_10s,0
90.0,4.0,4.0,4.0,1500.0,1.0,281,141,0.05,0.2,1.302022709167702,0.3255056772919255,False,0.0,83.45958660172624,vhpsd_90W_4s,0
30.0,30.0,4.0,4.0,1500.0,1.5,281,141,0.05,0.2,3.070254475062208,0.767563618765552,False,0.0,70.62661412872852,standard_30W_30s,0
50.0,10.0,4.0,4.0,1500.0,1.5,281,141,0.05,0.2,1.999598496266713,0.4998996240666782,False,0.0,79.11122098846667,hpsd_50W_10s,0
90.0,4.0,4.0,4.0,1500.0,1.5,281,141,0.05,0.2,1.4849114005020323,0.3712278501255081,False,0.0,92.13278335038645,vhpsd_90W_4s,0
30.0,30.0,4.0,4.0,1500.0,2.0,281,141,0.05,0.2,3.352352210611922,0.8380880526529805,False,0.0,76.34545173974409,standard_30W_30s,0
50.0,10.0,4.0,4.0,1500.0,2.0,281,141,0.05,0.2,2.2066239740949523,0.5516559935237381,False,0.0,86.63283392904164,hpsd_50W_10s,0
90.0,4.0,4.0,4.0,1500.0,2.0,281,141,0.05,0.2,1.6481900695803768,0.4120475173950942,False,0.0367346938775512,100.46594509860766,vhpsd_90W_4s,0
30.0,30.0,4.0,4.0,2500.0,0.5,281,141,0.05,0.2,2.200306803367398,0.5500767008418495,False,0.0,59.37307550551267,standard_30W_30s,0
50.0,10.0,4.0,4.0,2500.0,0.5,281,141,0.05,0.2,1.3355333001795515,0.3338833250448879,False,0.0,63.26719712352945,hpsd_50W_10s,0
90.0,4.0,4.0,4.0,2500.0,0.5,281,141,0.05,0.2,0.9863834417989782,0.2465958604497445,False,0.0,70.7604974695656,vhpsd_90W_4s,0
30.0,30.0,4.0,4.0,2500.0,1.0,281,141,0.05,0.2,2.607811801749599,0.6519529504373998,False,0.0,62.96791400858173,standard_30W_30s,0
50.0,10.0,4.0,4.0,2500.0,1.0,281,141,0.05,0.2,1.679567667453349,0.4198919168633372,False,0.0,68.30795200849552,hpsd_50W_10s,0
90.0,4.0,4.0,4.0,2500.0,1.0,281,141,0.05,0.2,1.2567716797558757,0.3141929199389689,False,0.0,78.71769188542874,vhpsd_90W_4s,0
30.0,30.0,4.0,4.0,2500.0,1.5,281,141,0.05,0.2,2.945431749213932,0.736357937303483,False,0.0,67.16576101193063,standard_30W_30s,0
50.0,10.0,4.0,4.0,2500.0,1.5,281,141,0.05,0.2,1.9375380469156296,0.4843845117289074,False,0.0,74.52538275211103,hpsd_50W_10s,0
90.0,4.0,4.0,4.0,2500.0,1.5,281,141,0.05,0.2,1.459348501219191,0.3648371253047977,False,0.0,87.09577008286085,vhpsd_90W_4s,0
30.0,30.0,4.0,4.0,2500.0,2.0,281,141,0.05,0.2,3.243125234480478,0.8107813086201195,False,0.0,72.0474618394054,standard_30W_30s,0
50.0,10.0,4.0,4.0,2500.0,2.0,281,141,0.05,0.2,2.1580179797370427,0.5395044949342607,False,0.0,81.46380320977289,hpsd_50W_10s,0
90.0,4.0,4.0,4.0,2500.0,2.0,281,141,0.05,0.2,1.630935952550526,0.4077339881376315,False,0.0,95.40207775402948,vhpsd_90W_4s,0
30.0,30.0,5.0,4.0,800.0,0.5,281,159,0.05,0.2,2.4768566163403745,0.4953713232680748,False,0.0,64.52198437026051,standard_30W_30s,0
50.0,10.0,5.0,4.0,800.0,0.5,281,159,0.05,0.2,1.5206553216698564,0.3041310643339713,False,0.0,69.8816144436382,hpsd_50W_10s,0
90.0,4.0,5.0,4.0,800.0,0.5,281,159,0.05,0.2,1.0767763399227608,0.2153552679845521,False,0.0,79.38883360136742,vhpsd_90W_4s,0
30.0,30.0,5.0,4.0,800.0,1.0,281,159,0.05,0.2,2.8241007436457086,0.5648201487291418,False,0.0,69.59558438705601,standard_30W_30s,0
50.0,10.0,5.0,4.0,800.0,1.0,281,159,0.05,0.2,1.787266049328429,0.3574532098656858,False,0.0,77.10325929135836,hpsd_50W_10s,0
90.0,4.0,5.0,4.0,800.0,1.0,281,159,0.05,0.2,1.2900449720464702,0.258008994409294,False,0.0,88.40967030304903,vhpsd_90W_4s,0
30.0,30.0,5.0,4.0,800.0,1.5,281,159,0.05,0.2,3.124104789313661,0.6248209578627322,False,0.0,75.59236095694105,standard_30W_30s,0
50.0,10.0,5.0,4.0,800.0,1.5,281,159,0.05,0.2,2.0083981374778785,0.4016796274955757,False,0.0,84.7163945378522,hpsd_50W_10s,0
90.0,4.0,5.0,4.0,800.0,1.5,281,159,0.05,0.2,1.4657685148655395,0.2931537029731079,False,0.0,96.98945824718164,vhpsd_90W_4s,0
30.0,30.0,5.0,4.0,800.0,2.0,281,159,0.05,0.2,3.3937216638920904,0.6787443327784181,False,0.0,82.59617437591491,standard_30W_30s,0
50.0,10.0,5.0,4.0,800.0,2.0,281,159,0.05,0.2,2.203369896864924,0.4406739793729847,False,0.0,92.49409239411256,hpsd_50W_10s,0
90.0,4.0,5.0,4.0,800.0,2.0,281,159,0.05,0.2,1.623169018746886,0.3246338037493772,False,0.4247739602170005,104.89373047811536,vhpsd_90W_4s,0
30.0,30.0,5.0,4.0,1500.0,0.5,281,159,0.05,0.2,2.2131372558315725,0.4426274511663145,False,0.0,60.40204203411231,standard_30W_30s,0
50.0,10.0,5.0,4.0,1500.0,0.5,281,159,0.05,0.2,1.3550927534813146,0.2710185506962629,False,0.0,64.6180002137762,hpsd_50W_10s,0
90.0,4.0,5.0,4.0,1500.0,0.5,281,159,0.05,0.2,0.9800045384201286,0.1960009076840257,False,0.0,73.05542679721468,vhpsd_90W_4s,0
30.0,30.0,5.0,4.0,1500.0,1.0,281,159,0.05,0.2,2.612764737938153,0.5225529475876306,False,0.0,64.48542141580997,standard_30W_30s,0
50.0,10.0,5.0,4.0,1500.0,1.0,281,159,0.05,0.2,1.6786712656059022,0.3357342531211804,False,0.0,70.60639623976218,hpsd_50W_10s,0
90.0,4.0,5.0,4.0,1500.0,1.0,281,159,0.05,0.2,1.2372098068746589,0.2474419613749317,False,0.0,81.4481802353188,vhpsd_90W_4s,0
30.0,30.0,5.0,4.0,1500.0,1.5,281,159,0.05,0.2,2.9471362972825856,0.5894272594565171,False,0.0,69.23675106319433,standard_30W_30s,0
50.0,10.0,5.0,4.0,1500.0,1.5,281,159,0.05,0.2,1.928782637978921,0.3857565275957842,False,0.0,77.40111235911317,hpsd_50W_10s,0
90.0,4.0,5.0,4.0,1500.0,1.5,281,159,0.05,0.2,1.432190679751861,0.2864381359503722,False,0.0,89.90427269007677,vhpsd_90W_4s,0
30.0,30.0,5.0,4.0,1500.0,2.0,281,159,0.05,0.2,3.242018720311327,0.6484037440622654,False,0.0,74.83532987153752,standard_30W_30s,0
50.0,10.0,5.0,4.0,1500.0,2.0,281,159,0.05,0.2,2.1441968133727136,0.4288393626745427,False,0.0,84.75071413768859,hpsd_50W_10s,0
90.0,4.0,5.0,4.0,1500.0,2.0,281,159,0.05,0.2,1.6005583282626727,0.3201116656525345,False,0.0,98.06747195088332,vhpsd_90W_4s,0
30.0,30.0,5.0,4.0,2500.0,0.5,281,159,0.05,0.2,2.000878105898764,0.4001756211797528,False,0.0,58.28772864853962,standard_30W_30s,0
50.0,10.0,5.0,4.0,2500.0,0.5,281,159,0.05,0.2,1.1780887316458053,0.235617746329161,False,0.0,62.01251692009989,hpsd_50W_10s,0
90.0,4.0,5.0,4.0,2500.0,0.5,281,159,0.05,0.2,0.8547557681049287,0.1709511536209857,False,0.0,69.17463646324501,vhpsd_90W_4s,0
30.0,30.0,5.0,4.0,2500.0,1.0,281,159,0.05,0.2,2.454427214489172,0.4908854428978344,False,0.0,61.80689366041311,standard_30W_30s,0
50.0,10.0,5.0,4.0,2500.0,1.0,281,159,0.05,0.2,1.583263459908716,0.3166526919817432,False,0.0,66.93709571206914,hpsd_50W_10s,0
90.0,4.0,5.0,4.0,2500.0,1.0,281,159,0.05,0.2,1.1855474342830803,0.237109486856616,False,0.0,76.91037111145391,vhpsd_90W_4s,0
30.0,30.0,5.0,4.0,2500.0,1.5,281,159,0.05,0.2,2.815866078086357,0.5631732156172714,False,0.0,65.91390073504981,standard_30W_30s,0
50.0,10.0,5.0,4.0,2500.0,1.5,281,159,0.05,0.2,1.8618867398067425,0.3723773479613484,False,0.0,72.99899140793885,hpsd_50W_10s,0
90.0,4.0,5.0,4.0,2500.0,1.5,281,159,0.05,0.2,1.4023360219375138,0.2804672043875028,False,0.0,85.07067396509719,vhpsd_90W_4s,0
30.0,30.0,5.0,4.0,2500.0,2.0,281,159,0.05,0.2,3.1285260357032354,0.625705207140647,False,0.0,70.6889893398675,standard_30W_30s,0
50.0,10.0,5.0,4.0,2500.0,2.0,281,159,0.05,0.2,2.092800748761628,0.4185601497523256,False,0.0,79.77497638380936,hpsd_50W_10s,0
90.0,4.0,5.0,4.0,2500.0,2.0,281,159,0.05,0.2,1.5816315224698645,0.3163263044939728,False,0.0,93.19659406497502,vhpsd_90W_4s,0
30.0,30.0,6.0,4.0,800.0,0.5,281,176,0.05,0.2,2.336013443766345,0.3893355739610575,False,0.0,63.28230237747346,standard_30W_30s,0
50.0,10.0,6.0,4.0,800.0,0.5,281,176,0.05,0.2,1.4271805315059636,0.2378634219176606,False,0.0,68.40925391681499,hpsd_50W_10s,0
90.0,4.0,6.0,4.0,800.0,0.5,281,176,0.05,0.2,1.0037791653301145,0.1672965275550191,False,0.0,77.4929157780521,vhpsd_90W_4s,0
30.0,30.0,6.0,4.0,800.0,1.0,281,176,0.05,0.2,2.705738369035388,0.4509563948392314,False,0.0,68.23226451978908,standard_30W_30s,0
50.0,10.0,6.0,4.0,800.0,1.0,281,176,0.05,0.2,1.7125686028081712,0.2854281004680285,False,0.0,75.4391791221511,hpsd_50W_10s,0
90.0,4.0,6.0,4.0,800.0,1.0,281,176,0.05,0.2,1.2332350145379127,0.2055391690896521,False,0.0,86.27812276419672,vhpsd_90W_4s,0
30.0,30.0,6.0,4.0,800.0,1.5,281,176,0.05,0.2,3.020467941730129,0.5034113236216883,False,0.0,74.09156841611662,standard_30W_30s,0
50.0,10.0,6.0,4.0,800.0,1.5,281,176,0.05,0.2,1.944607989692502,0.324101331615417,False,0.0,82.86485591401112,hpsd_50W_10s,0
90.0,4.0,6.0,4.0,800.0,1.5,281,176,0.05,0.2,1.4170935940297602,0.2361822656716267,False,0.0,94.66490821598558,vhpsd_90W_4s,0
30.0,30.0,6.0,4.0,800.0,2.0,281,176,0.05,0.2,3.300742352977506,0.550123725496251,False,0.0,80.93647994917765,standard_30W_30s,0
50.0,10.0,6.0,4.0,800.0,2.0,281,176,0.05,0.2,2.148172635452,0.3580287725753333,False,0.0,90.47127455851256,hpsd_50W_10s,0
90.0,4.0,6.0,4.0,800.0,2.0,281,176,0.05,0.2,1.580169665736552,0.263361610956092,False,0.2204081632653073,102.42234413924272,vhpsd_90W_4s,0
30.0,30.0,6.0,4.0,1500.0,0.5,281,176,0.05,0.2,2.0480466329342377,0.3413411054890396,False,0.0,59.34245057846656,standard_30W_30s,0
50.0,10.0,6.0,4.0,1500.0,0.5,281,176,0.05,0.2,1.2334255156178098,0.2055709192696349,False,0.0,63.37874053376774,hpsd_50W_10s,0
90.0,4.0,6.0,4.0,1500.0,0.5,281,176,0.05,0.2,0.8783436153602265,0.1463906025600377,False,0.0,71.44597272108992,vhpsd_90W_4s,0
30.0,30.0,6.0,4.0,1500.0,1.0,281,176,0.05,0.2,2.482716676452273,0.4137861127420454,False,0.0,63.33296361075613,standard_30W_30s,0
50.0,10.0,6.0,4.0,1500.0,1.0,281,176,0.05,0.2,1.594613857929118,0.2657689763215197,False,0.0,69.20864619106729,hpsd_50W_10s,0
90.0,4.0,6.0,4.0,1500.0,1.0,281,176,0.05,0.2,1.173392917468195,0.1955654862446991,False,0.0,79.5995731328247,vhpsd_90W_4s,0
30.0,30.0,6.0,4.0,1500.0,1.5,281,176,0.05,0.2,2.836073832647976,0.472678972107996,False,0.0,67.9787202783946,standard_30W_30s,0
50.0,10.0,6.0,4.0,1500.0,1.5,281,176,0.05,0.2,1.8617335188081277,0.3102889198013546,False,0.0,75.83739479658207,hpsd_50W_10s,0
90.0,4.0,6.0,4.0,1500.0,1.5,281,176,0.05,0.2,1.3807242554093833,0.2301207092348972,False,0.0,87.85677839107787,vhpsd_90W_4s,0
30.0,30.0,6.0,4.0,1500.0,2.0,281,176,0.05,0.2,3.143760643774293,0.5239601072957155,False,0.0,73.45463560213213,standard_30W_30s,0
50.0,10.0,6.0,4.0,1500.0,2.0,281,176,0.05,0.2,2.085803801415433,0.3476339669025722,False,0.0,83.01386952902428,hpsd_50W_10s,0
90.0,4.0,6.0,4.0,1500.0,2.0,281,176,0.05,0.2,1.55693942625353,0.2594899043755883,False,0.0,95.84808978509471,vhpsd_90W_4s,0
30.0,30.0,6.0,4.0,2500.0,0.5,281,176,0.05,0.2,1.801064253646112,0.3001773756076853,False,0.0,57.32151192013567,standard_30W_30s,0
50.0,10.0,6.0,4.0,2500.0,0.5,281,176,0.05,0.2,0.9386950835249668,0.1564491805874944,False,0.0,60.88631910024233,hpsd_50W_10s,0
90.0,4.0,6.0,4.0,2500.0,0.5,281,176,0.05,0.2,0.0,0.0,False,0.0,67.7348951880091,vhpsd_90W_4s,0
30.0,30.0,6.0,4.0,2500.0,1.0,281,176,0.05,0.2,2.3124355413338145,0.3854059235556357,False,0.0,60.76448777137093,standard_30W_30s,0
50.0,10.0,6.0,4.0,2500.0,1.0,281,176,0.05,0.2,1.4878405863521382,0.2479734310586897,False,0.0,65.69168734267647,hpsd_50W_10s,0
90.0,4.0,6.0,4.0,2500.0,1.0,281,176,0.05,0.2,1.1127309631068372,0.1854551605178062,False,0.0,75.25024910190267,vhpsd_90W_4s,0
30.0,30.0,6.0,4.0,2500.0,1.5,281,176,0.05,0.2,2.697742616646518,0.4496237694410863,False,0.0,64.78353366879054,standard_30W_30s,0
50.0,10.0,6.0,4.0,2500.0,1.5,281,176,0.05,0.2,1.788831305649343,0.2981385509415571,False,0.0,71.60334133855217,hpsd_50W_10s,0
90.0,4.0,6.0,4.0,2500.0,1.5,281,176,0.05,0.2,1.3471935804389907,0.2245322634064984,False,0.0,83.20932896953957,vhpsd_90W_4s,0
30.0,30.0,6.0,4.0,2500.0,2.0,281,176,0.05,0.2,3.0259872094986484,0.5043312015831081,False,0.0,69.45829331023243,standard_30W_30s,0
50.0,10.0,6.0,4.0,2500.0,2.0,281,176,0.05,0.2,2.031648998637138,0.338608166439523,False,0.0,78.22005778203581,hpsd_50W_10s,0
90.0,4.0,6.0,4.0,2500.0,2.0,281,176,0.05,0.2,1.5346280192220976,0.2557713365370163,False,0.0,91.15171870453273,vhpsd_90W_4s,0
