name,wall_thickness_mm,cooling_h_nominal_W_per_m2K,insertion_nominal_mm,transmural_probability,transmural_probability_ci_low,transmural_probability_ci_high,overheat_probability,overheat_probability_ci_low,overheat_probability_ci_high,depth_fraction_mean,depth_fraction_p10,depth_fraction_p50,depth_fraction_p90,lesion_depth_mean_mm,lesion_width_mean_mm,lesion_area_mean_mm2,depth_to_width_ratio_mean,tmax_mean_C,tmax_p90_C,n_samples
hpsd_50W_10s,2.0,800.0,0.5,0.046875,0.016068725432185196,0.12899860788542522,0.0,0.0,0.056626022971156334,0.9179016393955624,0.8637824362828453,0.9132009578562077,0.9755434963374616,1.8358032787911247,3.4068603692904933,5.297544642857172,0.5389645896231277,75.91200226099167,80.05421905871438,64.0
hpsd_50W_10s,2.0,800.0,1.0,0.71875,0.598658376004965,0.8140677389451542,0.0,0.0,0.056626022971156334,0.9931309561070814,0.9722398926978378,1.0,1.0,1.9862619122141627,3.726744995770452,6.431843112244934,0.5335577140591845,83.72458936547496,89.19595944209877,64.0
hpsd_50W_10s,2.0,800.0,1.5,1.0,0.9433739770288436,1.0,0.015625,0.0027634707504014047,0.08334298900290629,1.0,1.0,1.0,1.0,2.0,3.9875773798345584,7.251084183673509,0.5019740023127955,91.85998353490032,95.99982860384178,64.0
hpsd_50W_10s,2.0,800.0,2.0,1.0,0.9433739770288436,1.0,0.515625,0.3958139224399903,0.6336665143421609,1.0,1.0,1.0,1.0,2.0,4.208666990012834,7.8569770408163695,0.4755584466395637,100.16346247299393,105.21896094028074,64.0
hpsd_50W_10s,2.0,1500.0,0.5,0.0,0.0,0.056626022971156334,0.0,0.0,0.056626022971156334,0.8633505307387197,0.7982208891474631,0.8636994173717578,0.9215919008074434,1.7267010614774394,3.011627054476259,4.091556122449003,0.5734650821104972,69.79010166513311,72.18283848097096,64.0
hpsd_50W_10s,2.0,1500.0,1.0,0.34375,0.2392297503546903,0.46596588182379606,0.0,0.0,0.056626022971156334,0.970912319062077,0.9255699135667151,0.9786990575504846,1.0,1.941824638124154,3.381684356885518,5.464113520408193,0.5746513416563763,76.14192585181394,80.86016556147133,64.0
hpsd_50W_10s,2.0,1500.0,1.5,0.984375,0.9166570109970937,0.9972365292495986,0.0,0.0,0.056626022971156334,0.9996011666901057,1.0,1.0,1.0,1.9992023333802114,3.6830904311882726,6.5197193877551385,0.5435083562028284,83.49268325920275,88.11124893416759,64.0
hpsd_50W_10s,2.0,1500.0,2.0,1.0,0.9433739770288436,1.0,0.0,0.0,0.056626022971156334,1.0,1.0,1.0,1.0,2.0,3.9361919527124014,7.220720663265346,0.5085515848271887,91.30269641416909,96.02967901269753,64.0
hpsd_50W_10s,2.0,2500.0,0.5,0.0,0.0,0.056626022971156334,0.0,0.0,0.056626022971156334,0.8169314441480464,0.7482054303715289,0.8121511883520451,0.8842991347088245,1.6338628882960928,2.7098828755136526,3.15551020408165,0.6032155924515394,66.67993854860552,69.15189723490415,64.0
hpsd_50W_10s,2.0,2500.0,1.0,0.125,0.064721653926208,0.22774786330215924,0.0,0.0,0.056626022971156334,0.9445000537385471,0.8826165886804764,0.9514300762658925,1.0,1.8890001074770941,3.138114430767758,4.6040051020408415,0.6021331467440895,71.92325406129147,75.05541149546315,64.0
hpsd_50W_10s,2.0,2500.0,1.5,0.890625,0.7910113670806147,0.9459995524731695,0.0,0.0,0.056626022971156334,0.9976784950963984,0.9999524200675498,1.0,1.0,1.9953569901927968,3.4729486576561914,5.810567602040848,0.5753823705932768,78.48099691220624,82.50738006827702,64.0
hpsd_50W_10s,2.0,2500.0,2.0,1.0,0.9433739770288436,1.0,0.0,0.0,0.056626022971156334,1.0,1.0,1.0,1.0,2.0,3.751545606920101,6.688125000000037,0.5335709390588386,85.76110037029021,90.81778627775503,64.0
hpsd_50W_10s,3.0,800.0,0.5,0.0,0.0,0.056626022971156334,0.0,0.0,0.056626022971156334,0.5735970325755849,0.5311196542444034,0.5703137043452248,0.6173425357110924,1.7207910977267549,3.273145776459426,4.769665727459043,0.5257190180002524,73.72555205546864,78.27875237111753,64.0
hpsd_50W_10s,3.0,800.0,1.0,0.0,0.0,0.056626022971156334,0.0,0.0,0.056626022971156334,0.6485084797888419,0.613811057941584,0.6484654281876534,0.6883416660223608,1.9455254393665256,3.606124041772091,5.966591956967246,0.5395062270841496,81.18208302511616,87.00927416564906,64.0
hpsd_50W_10s,3.0,800.0,1.5,0.0,0.0,0.056626022971156334,0.0,0.0,0.056626022971156334,0.7159182008766909,0.6856433872074051,0.7135460205208997,0.7479184557596111,2.147754602630072,3.8863973602130084,7.085309938524629,0.5526370467647901,89.1973948615198,93.50227011694062,64.0
hpsd_50W_10s,3.0,800.0,2.0,0.0,0.0,0.056626022971156334,0.28125,0.18593226105484584,0.40134162399503504,0.7757854158442884,0.7450926453236857,0.7745538359162127,0.8043886850319187,2.3273562475328653,4.119880592456484,8.124263575819718,0.5649332757072704,97.3428662339945,102.48827485867658,64.0
hpsd_50W_10s,3.0,1500.0,0.5,0.0,0.0,0.056626022971156334,0.0,0.0,0.056626022971156334,0.5309294314827413,0.4838623686005755,0.5321310320117514,0.5789924392194363,1.5927882944482237,2.8569844213878177,3.4895171618852654,0.5575886127158481,67.92677864570648,71.09478535631483,64.0
hpsd_50W_10s,3.0,1500.0,1.0,0.0,0.0,0.056626022971156334,0.0,0.0,0.056626022971156334,0.6186103167939271,0.5756999843343401,0.6181381871416185,0.662701209655587,1.8558309503817814,3.2619184299661046,4.955417520491832,0.5689198609018153,74.11124717444078,78.34836416862439,64.0
hpsd_50W_10s,3.0,1500.0,1.5,0.0,0.0,0.056626022971156334,0.0,0.0,0.056626022971156334,0.692390419976971,0.6561871352369824,0.6944236728973119,0.729079368366442,2.077171259930913,3.57864278476762,6.227439805327903,0.580408179792122,81.2204424573514,86.20051466320241,64.0
hpsd_50W_10s,3.0,1500.0,2.0,0.0,0.0,0.056626022971156334,0.0,0.0,0.056626022971156334,0.758446291479032,0.7223099344630328,0.7583176998256198,0.7915185210203257,2.2753388744370957,3.84819489516534,7.366963370901679,0.5912879321472916,88.99803323220631,94.15599022522409,64.0
hpsd_50W_10s,3.0,2500.0,0.5,0.0,0.0,0.056626022971156334,0.0,0.0,0.056626022971156334,0.4932544574135199,0.43099295326623793,0.4965639213056655,0.5470367711867263,1.4797633722405599,2.521034115159071,2.507447489754112,0.5877398406853145,64.95984137374568,67.088170313589,64.0
hpsd_50W_10s,3.0,2500.0,1.0,0.0,0.0,0.056626022971156334,0.0,0.0,0.056626022971156334,0.5923191065512865,0.5488658296760308,0.5900818520541709,0.6379030203005522,1.7769573196538597,3.006561906906419,4.064696465163957,0.5909789044800873,70.06330122531784,73.38440345164298,64.0
hpsd_50W_10s,3.0,2500.0,1.5,0.0,0.0,0.056626022971156334,0.0,0.0,0.056626022971156334,0.6736447630518562,0.6364846544072653,0.6753496324200736,0.7107432245356726,2.0209342891555684,3.365611389420799,5.431755891393474,0.6003750740054214,76.44283085410014,79.68928787927948,64.0
hpsd_50W_10s,3.0,2500.0,2.0,0.0,0.0,0.056626022971156334,0.0,0.0,0.056626022971156334,0.7431108097594011,0.707621574552909,0.7478341018076766,0.778554285568612,2.2293324292782035,3.655565437941724,6.690868340163972,0.6098113968008614,83.54679942235256,86.75243650766191,64.0
hpsd_50W_10s,4.0,800.0,0.5,0.0,0.0,0.056626022971156334,0.0,0.0,0.056626022971156334,0.4041964920815869,0.37172877617757705,0.4001612163002398,0.4411855322526921,1.6167859683263477,3.145512645740538,4.286709183673493,0.5138966803593514,71.86630211365491,76.2891782910143,64.0
hpsd_50W_10s,4.0,800.0,1.0,0.0,0.0,0.056626022971156334,0.0,0.0,0.056626022971156334,0.4648216294305894,0.431340872968358,0.46709639326923647,0.49179238690677557,1.8592865177223576,3.498525164109714,5.546938775510235,0.5313675170260919,79.07464466464256,83.53472349448153,64.0
hpsd_50W_10s,4.0,800.0,1.5,0.0,0.0,0.056626022971156334,0.0,0.0,0.056626022971156334,0.5183701607230411,0.4948107044755802,0.5167509631552639,0.5408780135062491,2.0734806428921644,3.7925347833211767,6.686058673469424,0.5466994116395154,86.88658247903997,91.59244033057693,64.0
hpsd_50W_10s,4.0,800.0,2.0,0.0,0.0,0.056626022971156334,0.09375,0.04367765783128784,0.1898309858327767,0.5651001640012419,0.5416241770468198,0.5645243077996513,0.5885511846409306,2.2604006560049674,4.035313747221502,7.74573979591841,0.5601641673090467,94.87039630062002,99.53025269690339,64.0
hpsd_50W_10s,4.0,1500.0,0.5,0.0,0.0,0.056626022971156334,0.0,0.0,0.056626022971156334,0.36811297089054873,0.31944797528543467,0.3706478653303996,0.4113212960748629,1.472451883562195,2.714239370484451,2.9662691326530775,0.5423047831625577,66.3463115324522,69.71515283818964,64.0
hpsd_50W_10s,4.0,1500.0,1.0,0.0,0.0,0.056626022971156334,0.0,0.0,0.056626022971156334,0.44053491026710734,0.4121166451474814,0.4435013451488431,0.4693299833674085,1.7621396410684294,3.149656669762076,4.500573979591861,0.5593526292313435,72.38279942725254,75.46849340775312,64.0
hpsd_50W_10s,4.0,1500.0,1.5,0.0,0.0,0.056626022971156334,0.0,0.0,0.056626022971156334,0.4999436499506892,0.4716257956981746,0.5009081713294516,0.5274031799547688,1.9997745998027567,3.4851320582635097,5.831575255102074,0.5737439564423723,79.34380067800038,83.82813926050999,64.0
hpsd_50W_10s,4.0,1500.0,2.0,0.0,0.0,0.056626022971156334,0.0,0.0,0.056626022971156334,0.5514554615059202,0.527889955861822,0.5527628019677887,0.5754942337543798,2.2058218460236807,3.7613106310784725,6.986938775510242,0.5864235726743612,86.85102995379515,91.42369450290643,64.0
hpsd_50W_10s,4.0,2500.0,0.5,0.0,0.0,0.056626022971156334,0.0,0.0,0.056626022971156334,0.3262561237341352,0.27110590867882406,0.333943768236681,0.3873379592559296,1.3050244949365408,2.2661077096314823,1.8595790816326634,0.5807872351278323,63.53015052599702,66.00807543394733,64.0
hpsd_50W_10s,4.0,2500.0,1.0,0.0,0.0,0.056626022971156334,0.0,0.0,0.056626022971156334,0.4188912533297702,0.38019608453569265,0.42118652285514546,0.45594247419706335,1.6755650133190807,2.8885202645294052,3.6036160714285916,0.5799053169785323,68.55313658092336,72.03077582340426,64.0
hpsd_50W_10s,4.0,2500.0,1.5,0.0,0.0,0.056626022971156334,0.0,0.0,0.056626022971156334,0.4838502879049072,0.4534128973361231,0.48350072549591006,0.5174229689317763,1.9354011516196288,3.262474547039071,5.002920918367375,0.5931666464722436,74.74854889525986,78.81390400316198,64.0
hpsd_50W_10s,4.0,2500.0,2.0,0.0,0.0,0.056626022971156334,0.0,0.0,0.056626022971156334,0.5393730364595817,0.513118179288015,0.5395718889651964,0.5644541744804178,2.1574921458383267,3.5682513075014217,6.300459183673505,0.6045649145080937,81.65356523043857,85.81970302572036,64.0
hpsd_50W_10s,5.0,800.0,0.5,0.0,0.0,0.056626022971156334,0.0,0.0,0.056626022971156334,0.3045254899741914,0.27545265075117686,0.30290622102515485,0.33418658872102447,1.5226274498709567,3.02992203996065,3.860041817359877,0.5022308033521672,70.24755957722945,74.66148715998237,64.0
hpsd_50W_10s,5.0,800.0,1.0,0.0,0.0,0.056626022971156334,0.0,0.0,0.056626022971156334,0.3569251990977694,0.33029524908567487,0.35757378278512486,0.3835545846259068,1.784625995488847,3.4035558203726146,5.187460443038003,0.5242013966322645,77.33135821254156,81.10333368422069,64.0
hpsd_50W_10s,5.0,800.0,1.5,0.0,0.0,0.056626022971156334,0.0,0.0,0.056626022971156334,0.40139224243868443,0.3793609719707761,0.4020200139866752,0.4240364466137027,2.006961212193422,3.7045358155275787,6.337508476491898,0.5417220136655063,84.91983392899797,89.70096894171662,64.0
hpsd_50W_10s,5.0,800.0,2.0,0.0,0.0,0.056626022971156334,0.03125,0.00861195771251659,0.10697493882294247,0.44041238268924876,0.4221408721667789,0.4409993087796629,0.45838496432231207,2.2020619134462436,3.9566081464194505,7.410600559448504,0.5565396002298564,92.67664528732745,97.44857371723229,64.0
hpsd_50W_10s,5.0,1500.0,0.5,0.0,0.0,0.056626022971156334,0.0,0.0,0.056626022971156334,0.2700284398145365,0.22220916818201977,0.2674375264275357,0.3099311030003048,1.3501421990726825,2.564170091140406,2.4529780741410625,0.5260846366737535,64.99238119442953,67.96079447023396,64.0
hpsd_50W_10s,5.0,1500.0,1.0,0.0,0.0,0.056626022971156334,0.0,0.0,0.056626022971156334,0.33477873681458514,0.30484194822102173,0.33889578981789104,0.3631261433080442,1.6738936840729255,3.0409797842064337,4.070769524186279,0.5501814551617572,70.82367188850569,74.94321201332461,64.0
hpsd_50W_10s,5.0,1500.0,1.5,0.0,0.0,0.056626022971156334,0.0,0.0,0.056626022971156334,0.3855334715625152,0.35963117679173995,0.3842853497739678,0.4096095561216932,1.927667357812576,3.393038151080304,5.449511188969288,0.5680587008646323,77.68482657772958,82.56703712920455,64.0
hpsd_50W_10s,5.0,1500.0,2.0,0.0,0.0,0.056626022971156334,0.0,0.0,0.056626022971156334,0.42870357953036287,0.4099992755646204,0.42697156274099624,0.4515290903673135,2.1435178976518143,3.680747427694189,6.654715754972912,0.5823114153166975,84.96495335010782,89.78544555020193,64.0
hpsd_50W_10s,5.0,2500.0,0.5,0.0,0.0,0.056626022971156334,0.0,0.0,0.056626022971156334,0.19097132304386108,0.0,0.24079189374630638,0.2800073769450031,0.9548566152193055,1.7774370937945951,1.252236381103081,0.5288251003995416,62.243567300382296,64.30206480761524,64.0
hpsd_50W_10s,5.0,2500.0,1.0,0.0,0.0,0.056626022971156334,0.0,0.0,0.056626022971156334,0.3154591540855184,0.28072904980561203,0.31796453816132286,0.34489514880758493,1.5772957704275918,2.7732529692197785,3.1676099118445027,0.568327800594501,67.12134841390854,69.77405830217283,64.0
hpsd_50W_10s,5.0,2500.0,1.5,0.0,0.0,0.056626022971156334,0.0,0.0,0.056626022971156334,0.37201540803241506,0.344448455614055,0.3728122327968292,0.39693854205745077,1.8600770401620752,3.1701421415535913,4.623364743444872,0.5865821234543375,73.20379556107706,76.85894073849128,64.0
hpsd_50W_10s,5.0,2500.0,2.0,0.0,0.0,0.056626022971156334,0.0,0.0,0.056626022971156334,0.4182355502899224,0.3951208291074634,0.4190370620448948,0.4394968617727043,2.091177751449612,3.48290079032995,5.935392179023541,0.6003278279996502,79.9437264010963,84.05398017978955,64.0
hpsd_50W_10s,6.0,800.0,0.5,0.0,0.0,0.056626022971156334,0.0,0.0,0.056626022971156334,0.2381921265361958,0.21040747847671626,0.2388133770730085,0.2658550062197894,1.4291527592171747,2.9169458015917265,3.447034438775529,0.4893707535344914,68.78976156697706,72.60930065146086,64.0
hpsd_50W_10s,6.0,800.0,1.0,0.0,0.0,0.056626022971156334,0.0,0.0,0.056626022971156334,0.2847377190433703,0.25894043039790143,0.2878360793191707,0.30747936321984265,1.7084263142602216,3.303991817970937,4.82068239795921,0.5168405082394798,75.6221395963886,80.38624628150075,64.0
hpsd_50W_10s,6.0,800.0,1.5,0.0,0.0,0.056626022971156334,0.0,0.0,0.056626022971156334,0.32403056228199223,0.30450042291565094,0.3238855835519882,0.3428304730105247,1.9441833736919534,3.6203470740171695,6.009968112244931,0.5369268404652399,83.03759170123297,87.11464913700928,64.0
hpsd_50W_10s,6.0,800.0,2.0,0.0,0.0,0.056626022971156334,0.0,0.0,0.056626022971156334,0.3576470235766921,0.3424483109062837,0.3576692001617765,0.37288528038848123,2.1458821414601523,3.878986829704488,7.090082908163304,0.5531613926226784,90.63910412378598,95.4506299660989,64.0
hpsd_50W_10s,6.0,1500.0,0.5,0.0,0.0,0.056626022971156334,0.0,0.0,0.056626022971156334,0.1893453220871772,0.14970457501015372,0.20903247008901019,0.24062990213413193,1.136071932523063,2.2932025977477872,1.9036607142857247,0.4888900525696041,63.72288283735977,66.39384399431984,64.0
hpsd_50W_10s,6.0,1500.0,1.0,0.0,0.0,0.056626022971156334,0.0,0.0,0.056626022971156334,0.26500301018990857,0.24232949855038224,0.26518399629614925,0.2902858128429632,1.5900180611394514,2.9414658698888783,3.6827678571428777,0.5400638278174159,69.39101623154966,72.81812819502227,64.0
hpsd_50W_10s,6.0,1500.0,1.5,0.0,0.0,0.056626022971156334,0.0,0.0,0.056626022971156334,0.309937010952375,0.2889799253898511,0.3106122103908712,0.3304563160558082,1.85962206571425,3.305610988922587,5.1055484693877835,0.5624017109598131,76.05120212335041,79.88614797221915,64.0
hpsd_50W_10s,6.0,1500.0,2.0,0.0,0.0,0.056626022971156334,0.0,0.0,0.056626022971156334,0.3474604010717995,0.3309843146753961,0.3498777572149713,0.3663482615513064,2.084762406430797,3.601684529030277,6.329559948979626,0.5787662569933576,83.22968726579339,87.5004703243773,64.0
hpsd_50W_10s,6.0,2500.0,0.5,0.0,0.0,0.056626022971156334,0.0,0.0,0.056626022971156334,0.10193978165965908,0.0,0.15741860283319703,0.2212500228698672,0.6116386899579546,1.235817635166119,0.7729209183673512,0.484214736155631,61.14614840696932,63.72900398249705,64.0
hpsd_50W_10s,6.0,2500.0,1.0,0.0,0.0,0.056626022971156334,0.0,0.0,0.056626022971156334,0.24638515133380895,0.21788015648201947,0.24566227507811964,0.2774097288106569,1.4783109080028536,2.6585504843506467,2.75366709183675,0.5552758552511428,65.948896900665,69.32006868470553,64.0
hpsd_50W_10s,6.0,2500.0,1.5,0.0,0.0,0.056626022971156334,0.0,0.0,0.056626022971156334,0.29740400576004616,0.2727485907875819,0.29828629965810083,0.3226693680607971,1.784424034560277,3.0772050496206074,4.252672193877575,0.5795909613996888,71.77669974307423,75.3481055421574,64.0
hpsd_50W_10s,6.0,2500.0,2.0,0.0,0.0,0.056626022971156334,0.0,0.0,0.056626022971156334,0.3382784171869221,0.3177663242609671,0.3387908861384443,0.35730812664507683,2.0296705031215323,3.402835222961242,5.597563775510235,0.5963321138983673,78.37942094972328,81.94415859198251,64.0
standard_30W_30s,2.0,800.0,0.5,1.0,0.9433739770288436,1.0,0.0,0.0,0.056626022971156334,1.0,1.0,1.0,1.0,2.0,4.15713382972991,7.902091836734737,0.48246776156240234,69.78907169425105,72.90271811383016,64.0
standard_30W_30s,2.0,800.0,1.0,1.0,0.9433739770288436,1.0,0.0,0.0,0.056626022971156334,1.0,1.0,1.0,1.0,2.0,4.590963624441478,8.787799744898006,0.4366282077140733,75.29157855767377,79.40053087771214,64.0
standard_30W_30s,2.0,800.0,1.5,1.0,0.9433739770288436,1.0,0.0,0.0,0.056626022971156334,1.0,1.0,1.0,1.0,2.0,4.970332856546549,9.529209183673522,0.40294390219837106,81.66726668683697,85.34876134997208,64.0
standard_30W_30s,2.0,800.0,2.0,1.0,0.9433739770288436,1.0,0.015625,0.0027634707504014047,0.08334298900290629,1.0,1.0,1.0,1.0,2.0,5.313270949107499,10.190204081632709,0.3769116220162395,89.16531621014116,94.39756370767535,64.0
standard_30W_30s,2.0,1500.0,0.5,1.0,0.9433739770288436,1.0,0.0,0.0,0.056626022971156334,1.0,1.0,1.0,1.0,2.0,3.5625319917481812,6.233073979591871,0.5635030269101986,64.90683203407156,66.67473027476626,64.0
standard_30W_30s,2.0,1500.0,1.0,1.0,0.9433739770288436,1.0,0.0,0.0,0.056626022971156334,1.0,1.0,1.0,1.0,2.0,4.038951325266201,7.347512755102081,0.49663302691549227,69.23448841012262,72.48067106265954,64.0
standard_30W_30s,2.0,1500.0,1.5,1.0,0.9433739770288436,1.0,0.0,0.0,0.056626022971156334,1.0,1.0,1.0,1.0,2.0,4.459599151962756,8.254170918367393,0.44937453872814215,74.36104582222114,77.78795251162316,64.0
standard_30W_30s,2.0,1500.0,2.0,1.0,0.9433739770288436,1.0,0.0,0.0,0.056626022971156334,1.0,1.0,1.0,1.0,2.0,4.835011532839248,8.968373724489844,0.41423792602097087,80.3508738402973,84.46012824491882,64.0
standard_30W_30s,2.0,2500.0,0.5,1.0,0.9433739770288436,1.0,0.0,0.0,0.056626022971156334,1.0,1.0,1.0,1.0,2.0,3.1619943586446926,5.086664540816354,0.6354315940012478,62.39876198868846,64.32564589603625,64.0
standard_30W_30s,2.0,2500.0,1.0,1.0,0.9433739770288436,1.0,0.0,0.0,0.056626022971156334,1.0,1.0,1.0,1.0,2.0,3.6830035999097426,6.284100765306157,0.5449041687081484,66.10932965687851,68.21853093487664,64.0
standard_30W_30s,2.0,2500.0,1.5,1.0,0.9433739770288436,1.0,0.0,0.0,0.056626022971156334,1.0,1.0,1.0,1.0,2.0,4.132846912988397,7.253207908163305,0.4850723880306408,70.54377892789921,73.28461239052304,64.0
standard_30W_30s,2.0,2500.0,2.0,1.0,0.9433739770288436,1.0,0.0,0.0,0.056626022971156334,1.0,1.0,1.0,1.0,2.0,4.531752539082023,8.098450255102087,0.4419213593099834,75.69203702070249,79.46360300232368,64.0
standard_30W_30s,3.0,800.0,0.5,0.125,0.064721653926208,0.22774786330215924,0.0,0.0,0.056626022971156334,0.936768112824074,0.8835319611833126,0.9320877904345344,1.0,2.810304338472222,3.935606362390427,9.236584272541036,0.7149146490473115,67.82185955576857,71.0138932595653,64.0
standard_30W_30s,3.0,800.0,1.0,0.828125,0.7178655850983409,0.9012235873268377,0.0,0.0,0.056626022971156334,0.9948428509992691,0.988338737461985,1.0,1.0,2.984528552997807,4.391650414644342,11.260662141393505,0.681487025699286,73.11672501164253,77.82095416229699,64.0
standard_30W_30s,3.0,800.0,1.5,1.0,0.9433739770288436,1.0,0.0,0.0,0.056626022971156334,1.0,1.0,1.0,1.0,3.0,4.80449516053474,12.863498975409907,0.6255918690328479,79.43926512933558,83.2894740144253,64.0
standard_30W_30s,3.0,800.0,2.0,1.0,0.9433739770288436,1.0,0.015625,0.0027634707504014047,0.08334298900290629,1.0,1.0,1.0,1.0,3.0,5.1691754368134255,14.145030737704996,0.5812782740027431,86.78255460890081,92.06488734248381,64.0
standard_30W_30s,3.0,1500.0,0.5,0.0,0.0,0.056626022971156334,0.0,0.0,0.056626022971156334,0.8634165077622269,0.8036059555980418,0.8637006590425091,0.9241304268978353,2.590249523286681,3.307195735287208,6.682396260245939,0.7847774737104652,63.200394229824774,65.49052250410895,64.0
standard_30W_30s,3.0,1500.0,1.0,0.28125,0.18593226105484584,0.40134162399503504,0.0,0.0,0.056626022971156334,0.9669602081581006,0.9148592699151574,0.9732749291089022,1.0,2.9008806244743015,3.835131714658342,9.053310706967263,0.7576022577451776,67.43905324908889,70.32318423428795,64.0
standard_30W_30s,3.0,1500.0,1.5,0.96875,0.8930250611770575,0.9913880422874833,0.0,0.0,0.056626022971156334,0.9992250601812795,1.0,1.0,1.0,2.9976751805438386,4.282754860843266,11.009842469262356,0.7014596354873442,72.41474159154754,76.18173915074605,64.0
standard_30W_30s,3.0,1500.0,2.0,1.0,0.9433739770288436,1.0,0.0,0.0,0.056626022971156334,1.0,1.0,1.0,1.0,3.0,4.687058567708223,12.486347336065641,0.6412225991122997,78.43983324049663,82.66610366743117,64.0
standard_30W_30s,3.0,2500.0,0.5,0.0,0.0,0.056626022971156334,0.0,0.0,0.056626022971156334,0.8082829960112637,0.7386656022913883,0.8111852914352394,0.8700163723194372,2.4248489880337916,2.8728640789722415,5.020370133196749,0.8467325257381696,60.82583751942264,62.39677164579683,64.0
standard_30W_30s,3.0,2500.0,1.0,0.078125,0.03383067809543547,0.1701975287864777,0.0,0.0,0.056626022971156334,0.9271233809662544,0.8715835115018338,0.9242865856079447,0.9870048319413613,2.781370142898763,3.4583372943211828,7.412493596311516,0.8053189174690505,64.44105920099261,66.75456273757395,64.0
standard_30W_30s,3.0,2500.0,1.5,0.8125,0.7002540844522482,0.889354651190779,0.0,0.0,0.056626022971156334,0.9956464792795308,0.9867797689720906,1.0,1.0,2.986939437838592,3.9476592825977472,9.579789959016447,0.758036695165551,68.76805568752964,70.99206228398431,64.0
standard_30W_30s,3.0,2500.0,2.0,1.0,0.9433739770288436,1.0,0.0,0.0,0.056626022971156334,1.0,1.0,1.0,1.0,3.0,4.368326674220057,11.250749231557439,0.687978057236711,73.81304623822764,76.09937032838369,64.0
standard_30W_30s,4.0,800.0,0.5,0.0,0.0,0.056626022971156334,0.0,0.0,0.056626022971156334,0.658607662876332,0.6173561629929654,0.6500527809846955,0.7072746424568521,2.634430651505328,3.7300454640270355,8.189081632653107,0.70724857154156,66.2099845755389,69.20064265013818,64.0
standard_30W_30s,4.0,800.0,1.0,0.0,0.0,0.056626022971156334,0.0,0.0,0.056626022971156334,0.7376166093740791,0.6896758847353299,0.7393031302261991,0.7767340062216818,2.9504664374963165,4.218186223755994,10.42209183673475,0.700099143269113,71.33863608685382,74.65994530421248,64.0
standard_30W_30s,4.0,800.0,1.5,0.0,0.0,0.056626022971156334,0.0,0.0,0.056626022971156334,0.8099511891849565,0.7770165923356475,0.8084301358843732,0.8436138879294655,3.239804756739826,4.65307464507522,12.596728316326601,0.6965657721974363,77.49244566771095,81.95490596458451,64.0
standard_30W_30s,4.0,800.0,2.0,0.0,0.0,0.056626022971156334,0.0,0.0,0.056626022971156334,0.8742770693896188,0.8401268444085389,0.8712868489690093,0.9093563447195797,3.497108277558475,5.034038219969709,14.688367346938858,0.695055812486608,84.71244351487063,89.00049382977261,64.0
standard_30W_30s,4.0,1500.0,0.5,0.0,0.0,0.056626022971156334,0.0,0.0,0.056626022971156334,0.5985085363980438,0.5409297984886519,0.6032002466146638,0.6553943122493451,2.394034145592175,3.0794860880768544,5.64669642857146,0.7793016232141293,61.81447506195869,64.1385098470475,64.0
standard_30W_30s,4.0,1500.0,1.0,0.0,0.0,0.056626022971156334,0.0,0.0,0.056626022971156334,0.6888917498146668,0.6492403340303395,0.693156105750244,0.7250884201428441,2.7555669992586673,3.650656994234654,8.096556122449025,0.7556522223137561,65.96309684625359,68.18089099718374,64.0
standard_30W_30s,4.0,1500.0,1.5,0.0,0.0,0.056626022971156334,0.0,0.0,0.056626022971156334,0.7678729655220402,0.7282710811141686,0.7694034111577385,0.8065356624659678,3.071491862088161,4.128198117944998,10.408258928571486,0.7444082533268868,70.8409300234132,74.04753285199898,64.0
standard_30W_30s,4.0,1500.0,2.0,0.0,0.0,0.056626022971156334,0.0,0.0,0.056626022971156334,0.8384142963469841,0.8063223436286078,0.8439692663559832,0.8706047062570849,3.3536571853879362,4.545261838666802,12.568660714285784,0.7381586510271669,76.67205182106493,80.69665001810729,64.0
standard_30W_30s,4.0,2500.0,0.5,0.0,0.0,0.056626022971156334,0.0,0.0,0.056626022971156334,0.5505843978816665,0.49250157752450074,0.5495104658765173,0.611197523063803,2.202337591526666,2.5909576431603023,3.94014030612247,0.8558907306190917,59.555636168260776,61.40365212228347,64.0
standard_30W_30s,4.0,2500.0,1.0,0.0,0.0,0.056626022971156334,0.0,0.0,0.056626022971156334,0.6517689664863417,0.6038533480736809,0.6529729373111661,0.6996212604662192,2.607075865945367,3.26310740330985,6.474202806122484,0.8003048761077995,63.12895318093694,65.46536577574166,64.0
standard_30W_30s,4.0,2500.0,1.5,0.0,0.0,0.056626022971156334,0.0,0.0,0.056626022971156334,0.7360743637576369,0.6941927157491925,0.7343862572754793,0.7817776442133714,2.9442974550305476,3.7779675129254975,8.778042091836783,0.780095658770137,67.35461713209844,70.17244615145812,64.0
standard_30W_30s,4.0,2500.0,2.0,0.0,0.0,0.056626022971156334,0.0,0.0,0.056626022971156334,0.8111171598362806,0.7736741568128062,0.8108237338479856,0.8429550126370018,3.2444686393451225,4.2242780466425796,11.024942602040877,0.7683021681500899,72.25516393685974,75.4743553381934,64.0
standard_30W_30s,5.0,800.0,0.5,0.0,0.0,0.056626022971156334,0.0,0.0,0.056626022971156334,0.4967350017627812,0.4605482523492987,0.49273795525965836,0.5383749554052865,2.483675008813906,3.545712679059867,7.314019411166406,0.7013694603029099,64.82028851306158,68.11706673737649,64.0
standard_30W_30s,5.0,800.0,1.0,0.0,0.0,0.056626022971156334,0.0,0.0,0.056626022971156334,0.5647304282095349,0.5298650933758929,0.5645853358214499,0.5970678077047177,2.823652141047674,4.065104520528177,9.629335019213435,0.6952056148562553,69.87943995424655,72.92495662442819,64.0
standard_30W_30s,5.0,800.0,1.5,0.0,0.0,0.056626022971156334,0.0,0.0,0.056626022971156334,0.6249009949673257,0.5971541019823327,0.6243858439423868,0.6583623260773993,3.1245049748366287,4.513288947134114,11.80281136980115,0.6927114993291874,75.90859378621232,80.10305208650989,64.0
standard_30W_30s,5.0,800.0,2.0,0.0,0.0,0.056626022971156334,0.0,0.0,0.056626022971156334,0.6787259982325367,0.6498623229292574,0.6800941875725469,0.7065095020555118,3.3936299911626833,4.9073969628704415,13.908200299502791,0.6918139344351298,82.86324460844784,87.50593573314818,64.0
standard_30W_30s,5.0,1500.0,0.5,0.0,0.0,0.056626022971156334,0.0,0.0,0.056626022971156334,0.44402118340313645,0.3917144303164352,0.4399238139178199,0.4903715027932758,2.2201059170156823,2.860633853677313,4.7458648847197376,0.7791057625592894,60.6415258694382,62.691537107699304,64.0
standard_30W_30s,5.0,1500.0,1.0,0.0,0.0,0.056626022971156334,0.0,0.0,0.056626022971156334,0.5222402218395165,0.48342739580741434,0.5258925959197215,0.5612938706283271,2.611201109197582,3.475785844852652,7.251310324367129,0.7522717048637829,64.6616260200883,67.51151067748178,64.0
standard_30W_30s,5.0,1500.0,1.5,0.0,0.0,0.056626022971156334,0.0,0.0,0.056626022971156334,0.5896034871468394,0.554474102681445,0.5871833438462474,0.6275264815090797,2.948017435734197,3.980878750546909,9.618006187839114,0.7411858247053035,69.5183138425121,73.21034023373564,64.0
standard_30W_30s,5.0,1500.0,2.0,0.0,0.0,0.056626022971156334,0.0,0.0,0.056626022971156334,0.6488244883653798,0.6228944440564153,0.6462480234782988,0.6841498907520567,3.244122441826899,4.4148757007460855,11.819976265822852,0.7351084751936454,75.14062129395094,79.0918244750028,64.0
standard_30W_30s,5.0,2500.0,0.5,0.0,0.0,0.056626022971156334,0.0,0.0,0.056626022971156334,0.3999980359881639,0.3500866472594246,0.4058123598754683,0.44754317998040294,1.9999901799408195,2.303136055434981,2.991154780741427,0.8814080612476121,58.45088749843325,59.98448489342904,64.0
standard_30W_30s,5.0,2500.0,1.0,0.0,0.0,0.056626022971156334,0.0,0.0,0.056626022971156334,0.49041651229863126,0.4467776397395977,0.4931753903555711,0.5292823692634462,2.452082561493156,3.0754430140938194,5.638553910488278,0.7986153098683806,61.927988148375164,63.70283783403689,64.0
standard_30W_30s,5.0,2500.0,1.5,0.0,0.0,0.056626022971156334,0.0,0.0,0.056626022971156334,0.5632016165435754,0.5269503664123841,0.5642342593309833,0.5979017748172356,2.816008082717877,3.62637957427064,8.002045660036211,0.7771050342077841,66.07939433674858,68.67844554479231,64.0
standard_30W_30s,5.0,2500.0,2.0,0.0,0.0,0.056626022971156334,0.0,0.0,0.056626022971156334,0.6257698977675152,0.5933843254096831,0.627427610105896,0.657253238323277,3.128849488837576,4.086693582745211,10.261060409132066,0.7659515944629736,70.88795904990695,73.98254560251863,64.0
standard_30W_30s,6.0,800.0,0.5,0.0,0.0,0.056626022971156334,0.0,0.0,0.056626022971156334,0.3905990529367743,0.35227547101844836,0.39186568331860616,0.42754196488451834,2.3435943176206457,3.3682305102445884,6.516447704081669,0.6968344408106651,63.588873419223724,66.16633254311512,64.0
standard_30W_30s,6.0,800.0,1.0,0.0,0.0,0.056626022971156334,0.0,0.0,0.056626022971156334,0.4503306602000795,0.4165980199690131,0.4530653986906519,0.4818575316812447,2.7019839612004772,3.908208621651907,8.865344387755151,0.6921385835809739,68.48572168744472,72.2483202707401,64.0
standard_30W_30s,6.0,800.0,1.5,0.0,0.0,0.056626022971156334,0.0,0.0,0.056626022971156334,0.5034846340071663,0.4745324929081297,0.5049432000558799,0.5299455060162689,3.0209078040429977,4.379142713505253,11.081250000000061,0.6901539275401947,74.3524071151943,77.9511800835486,64.0
standard_30W_30s,6.0,800.0,2.0,0.0,0.0,0.056626022971156334,0.0,0.0,0.056626022971156334,0.5500095374244833,0.5295886122077677,0.5499511865967934,0.5704924189139031,3.3000572245469,4.785497812685743,13.205950255102113,0.6898783954435812,81.18165805162104,86.19634682724838,64.0
standard_30W_30s,6.0,1500.0,0.5,0.0,0.0,0.056626022971156334,0.0,0.0,0.056626022971156334,0.34177030248503226,0.2954360836769397,0.34418244215571625,0.38302135329654313,2.0506218149101936,2.634947687143355,3.902257653061246,0.7832899364414359,59.56355720989648,61.41317256924751,64.0
standard_30W_30s,6.0,1500.0,1.0,0.0,0.0,0.056626022971156334,0.0,0.0,0.056626022971156334,0.4134555066619128,0.38538827476483195,0.412168448965191,0.4464242423638878,2.4807330399714767,3.3147517995264226,6.499113520408199,0.7491705108125642,63.48221224273286,65.97846425998212,64.0
standard_30W_30s,6.0,1500.0,1.5,0.0,0.0,0.056626022971156334,0.0,0.0,0.056626022971156334,0.47273133049910676,0.44064989591040454,0.47292152702371926,0.5019704713318,2.8363879829946406,3.839625024094603,8.90064413265311,0.7391416933351573,68.1818937020636,71.242546709424,64.0
standard_30W_30s,6.0,1500.0,2.0,0.0,0.0,0.056626022971156334,0.0,0.0,0.056626022971156334,0.5243100189134553,0.5000953625498138,0.5266653652392268,0.5508450251701543,3.145860113480732,4.289588971462854,11.135318877551082,0.7337174591171561,73.76432169009112,77.6160816452437,64.0
standard_30W_30s,6.0,2500.0,0.5,0.0,0.0,0.056626022971156334,0.0,0.0,0.056626022971156334,0.2799384974736856,0.24039278880596557,0.3019884185454882,0.35603557344140724,1.6796309848421136,1.8569628777523237,2.08607142857144,0.9986175318479605,57.498979312380854,59.43234894263725,64.0
standard_30W_30s,6.0,2500.0,1.0,0.0,0.0,0.056626022971156334,0.0,0.0,0.056626022971156334,0.38492236367836785,0.34935256374777796,0.3813921562267182,0.4234398174800508,2.309534182070207,2.897742827889425,4.909075255102067,0.7995082921010422,60.9374030465912,63.27575914224067,64.0
standard_30W_30s,6.0,2500.0,1.5,0.0,0.0,0.056626022971156334,0.0,0.0,0.056626022971156334,0.4492128567659484,0.4166599830331941,0.44984295780485695,0.48212040405696865,2.6952771405956906,3.4766626630111532,7.290344387755143,0.7759371587163058,64.92727903865418,67.39853398396959,64.0
standard_30W_30s,6.0,2500.0,2.0,0.0,0.0,0.056626022971156334,0.0,0.0,0.056626022971156334,0.5043985395356488,0.47495212658069585,0.5057691989195885,0.5305892572362148,3.0263912372138932,3.957720038905505,9.583679846938828,0.7650023252784857,69.64538153354113,72.33452635684783,64.0
vhpsd_90W_4s,2.0,800.0,0.5,0.0,0.0,0.056626022971156334,0.015625,0.0027634707504014047,0.08334298900290629,0.6571073112618115,0.6147867501811758,0.6526384525816762,0.7008975038565174,1.314214622523623,3.247349816277191,3.747110969387776,0.4045235124277643,86.90111599209118,91.89735855946063,64.0
vhpsd_90W_4s,2.0,800.0,1.0,0.0,0.0,0.056626022971156334,0.203125,0.12273302562695812,0.3171386755121659,0.7412728809475915,0.7003542530976985,0.7426059346373041,0.7814844278901022,1.482545761895183,3.468591042056455,4.507289540816351,0.4272746874118649,96.63439954931155,102.99559637720536,64.0
vhpsd_90W_4s,2.0,800.0,1.5,0.0,0.0,0.056626022971156334,0.921875,0.8298024712135222,0.9661693219045645,0.816595633639925,0.7796297453542617,0.8183521992254872,0.8527430268384667,1.63319126727985,3.6410518097912674,5.196926020408192,0.4484611539961143,105.7163968982649,109.75802915607089,64.0
vhpsd_90W_4s,2.0,800.0,2.0,0.0,0.0,0.056626022971156334,1.0,0.9433739770288436,1.0,0.8864512425485381,0.8535767669922885,0.8857596550288147,0.9201136006629589,1.7729024850970763,3.778169874936504,5.845522959183706,0.4691682290999173,114.00115033599337,118.42110217123796,64.0
vhpsd_90W_4s,2.0,1500.0,0.5,0.0,0.0,0.056626022971156334,0.0,0.0,0.056626022971156334,0.6296554661093663,0.5779868034935294,0.6303855893407823,0.6770289423036351,1.2593109322187326,3.009046731324414,3.1521237244898135,0.4182339901135139,79.54868184054284,83.1949685615175,64.0
vhpsd_90W_4s,2.0,1500.0,1.0,0.0,0.0,0.056626022971156334,0.0,0.0,0.056626022971156334,0.7226086803275253,0.6777287284226545,0.7230553054563269,0.7642842292272792,1.4452173606550507,3.266443884721726,4.067219387755125,0.44225546378502134,88.54422511700368,94.57950533592549,64.0
vhpsd_90W_4s,2.0,1500.0,1.5,0.0,0.0,0.056626022971156334,0.25,0.16014791974174092,0.36816509174383727,0.8042681751512732,0.7655826970966011,0.8043381531323781,0.8460863056864247,1.6085363503025465,3.46813701860593,4.852653061224517,0.46366711303450253,97.62774669343784,103.00838339060368,64.0
vhpsd_90W_4s,2.0,1500.0,2.0,0.0,0.0,0.056626022971156334,0.921875,0.8298024712135222,0.9661693219045645,0.8779330545645501,0.8453000220665596,0.8809347664426811,0.9145312107327866,1.7558661091291001,3.6296496713633655,5.544183673469419,0.4836442248845142,106.23325270445028,110.79228428653977,64.0
vhpsd_90W_4s,2.0,2500.0,0.5,0.0,0.0,0.056626022971156334,0.0,0.0,0.056626022971156334,0.6042476718545342,0.5492713596814655,0.6028105677955369,0.6558861724095663,1.2084953437090684,2.819877810131921,2.58399872448981,0.4281505193605861,75.02048904525219,79.1377370410328,64.0
vhpsd_90W_4s,2.0,2500.0,1.0,0.0,0.0,0.056626022971156334,0.0,0.0,0.056626022971156334,0.7061031294475757,0.658438176239333,0.7074976440002969,0.7511945941674243,1.4122062588951514,3.11438389627096,3.578475765306142,0.45318646174972654,83.32547806650993,87.8540901468597,64.0
vhpsd_90W_4s,2.0,2500.0,1.5,0.0,0.0,0.056626022971156334,0.015625,0.0027634707504014047,0.08334298900290629,0.7934002030358123,0.7510811441015006,0.7947312788299051,0.833544068741604,1.5868004060716245,3.3419623415856377,4.465159438775534,0.4746534455782059,92.15363274841886,97.14120884627445,64.0
vhpsd_90W_4s,2.0,2500.0,2.0,0.0,0.0,0.056626022971156334,0.546875,0.42573382520679776,0.6627074851396563,0.8713993231923375,0.8366708383852042,0.871654588642253,0.9088247057425229,1.742798646384675,3.524118147234561,5.262244897959213,0.49442237683641993,100.82864734905307,106.39906667524876,64.0
vhpsd_90W_4s,3.0,800.0,0.5,0.0,0.0,0.056626022971156334,0.0,0.0,0.056626022971156334,0.4099626303875781,0.3782462920011209,0.4089519349454038,0.4409150716297414,1.2298878911627344,3.156561502542899,3.4291175717213305,0.3893676862562385,84.14260555011421,89.68996013467356,64.0
vhpsd_90W_4s,3.0,800.0,1.0,0.0,0.0,0.056626022971156334,0.09375,0.04367765783128784,0.1898309858327767,0.46952490193588275,0.44143850920851097,0.47042260316936946,0.49748653836095,1.408574705807648,3.3856997133819227,4.210911885245925,0.41581360854296173,93.4228130638636,99.79066791632064,64.0
vhpsd_90W_4s,3.0,800.0,1.5,0.0,0.0,0.056626022971156334,0.75,0.6318349082561628,0.8398520802582591,0.5233148757607367,0.49754645346203263,0.5226206998506906,0.5498277940386831,1.56994462728221,3.5707071282872054,4.930058913934454,0.4395457166125985,102.40640320283177,106.86645438754968,64.0
vhpsd_90W_4s,3.0,800.0,2.0,0.0,0.0,0.056626022971156334,1.0,0.9433739770288436,1.0,0.5720284142014211,0.5478578099013789,0.5720741838320821,0.5954539040631828,1.7160852426042632,3.7172539217437457,5.599180327868884,0.46156146897232186,110.57328571645672,115.26770409601082,64.0
vhpsd_90W_4s,3.0,1500.0,0.5,0.0,0.0,0.056626022971156334,0.0,0.0,0.056626022971156334,0.38736378163874785,0.3500886804059591,0.38877696432850595,0.42347644168080834,1.1620913449162438,2.9086296799507476,2.77446209016395,0.3990571510848203,77.19074338101295,81.81352781146371,64.0
vhpsd_90W_4s,3.0,1500.0,1.0,0.0,0.0,0.056626022971156334,0.0,0.0,0.056626022971156334,0.45619273177495095,0.4237244757555832,0.4566010963516701,0.49025825262624284,1.3685781953248526,3.1850457433877173,3.7524974385246113,0.42943710909710586,85.92051441870339,91.39564313821701,64.0
vhpsd_90W_4s,3.0,1500.0,1.5,0.0,0.0,0.056626022971156334,0.109375,0.054000447526830544,0.20898863291938535,0.5140291119990177,0.48770818385886533,0.5159612978874648,0.542079539570012,1.5420873359970528,3.397656807246684,4.578957479508222,0.45369754632655246,94.70650349811109,100.16621941090932,64.0
vhpsd_90W_4s,3.0,1500.0,2.0,0.0,0.0,0.056626022971156334,0.765625,0.6486650974929234,0.8525023278036498,0.5663982418814162,0.538917235779979,0.5667256616473961,0.5913784383575938,1.6991947256442486,3.568777310973373,5.30288806352462,0.4760148107806349,103.2750337789916,108.59640787009357,64.0
vhpsd_90W_4s,3.0,2500.0,0.5,0.0,0.0,0.056626022971156334,0.0,0.0,0.056626022971156334,0.3650540238096739,0.31450353946381243,0.3668848003546177,0.4068014285605012,1.0951620714290216,2.7094354358148953,2.1768634733606675,0.40334062993802666,72.91192269236319,76.56486952376251,64.0
vhpsd_90W_4s,3.0,2500.0,1.0,0.0,0.0,0.056626022971156334,0.0,0.0,0.056626022971156334,0.44289843220527625,0.4096662750273579,0.44379758744508657,0.4766713810147899,1.328695296615829,3.0275106930913838,3.2360463627049363,0.43848418311960125,80.915583704722,85.52407797697154,64.0
vhpsd_90W_4s,3.0,2500.0,1.5,0.0,0.0,0.056626022971156334,0.0,0.0,0.056626022971156334,0.5061158880715526,0.4752322794940247,0.5073501918869894,0.5345707216170582,1.518347664214658,3.269408995887406,4.163249231557401,0.46419596835959376,89.506111570896,93.56196076368951,64.0
vhpsd_90W_4s,3.0,2500.0,2.0,0.0,0.0,0.056626022971156334,0.3125,0.21230909502265743,0.43392566359152623,0.5606628327544085,0.5328166807299115,0.5633038766698409,0.5868309430288946,1.6819884982632258,3.4580926845714934,4.991150102459045,0.48624980352554353,97.95297591306263,101.68291634501637,64.0
vhpsd_90W_4s,4.0,800.0,0.5,0.0,0.0,0.056626022971156334,0.0,0.0,0.056626022971156334,0.2878456615599292,0.26297246030998905,0.2854663733709868,0.31691324421504247,1.1513826462397168,3.0696638507459415,3.1350191326530785,0.37468437657275255,81.76619897540533,87.23467876325437,64.0
vhpsd_90W_4s,4.0,800.0,1.0,0.0,0.0,0.056626022971156334,0.015625,0.0027634707504014047,0.08334298900290629,0.3360172174747807,0.3103804890449392,0.33766420858288737,0.35741713970757255,1.3440688698991228,3.3118741661389537,3.9598278061224708,0.4055443611591265,90.75741822060562,95.85263858289825,64.0
vhpsd_90W_4s,4.0,800.0,1.5,0.0,0.0,0.056626022971156334,0.46875,0.3517578764404486,0.5892812499952487,0.378624585078286,0.3599627408519186,0.37865468549000214,0.39716588456374835,1.514498340313144,3.505512755764499,4.693718112244924,0.4319024028540394,99.55744817832685,104.016218562279,64.0
vhpsd_90W_4s,4.0,800.0,2.0,0.0,0.0,0.056626022971156334,0.984375,0.9166570109970937,0.9972365292495986,0.4165118878808274,0.3972047411915903,0.41581960049810507,0.4350913473902714,1.6660475515233095,3.6564004445023657,5.371243622449009,0.45554060041502414,107.58075259738679,112.10738531869009,64.0
vhpsd_90W_4s,4.0,1500.0,0.5,0.0,0.0,0.056626022971156334,0.0,0.0,0.056626022971156334,0.26760593341231376,0.2296603019777885,0.26828156018378896,0.299413872579524,1.070423733649255,2.816250278545356,2.430918367346952,0.3792838836838277,75.19431116189526,80.16609166294896,64.0
vhpsd_90W_4s,4.0,1500.0,1.0,0.0,0.0,0.056626022971156334,0.0,0.0,0.056626022971156334,0.32485340138059277,0.3024509833281812,0.32597004905349136,0.34918478788232205,1.299413605522371,3.1095639036009626,3.4712563775510397,0.4175139012032997,83.66482191298178,87.4967571654662,64.0
vhpsd_90W_4s,4.0,1500.0,1.5,0.0,0.0,0.056626022971156334,0.0,0.0,0.056626022971156334,0.37132967702737896,0.3496089257807406,0.3718931330405518,0.39169837980107874,1.4853187081095158,3.331341223815715,4.339170918367371,0.4456768377887924,92.2892573900537,97.13170559804757,64.0
vhpsd_90W_4s,4.0,1500.0,2.0,0.0,0.0,0.056626022971156334,0.5625,0.4408599177828787,0.6770618293457267,0.41197660435869443,0.39329988448270475,0.4121931093214416,0.431601268542764,1.6479064174347777,3.50848640940656,5.074323979591865,0.469556180627015,100.57555808270965,104.8968695373386,64.0
vhpsd_90W_4s,4.0,2500.0,0.5,0.0,0.0,0.056626022971156334,0.0,0.0,0.056626022971156334,0.23074439522473833,0.18846028732379097,0.24685855651967592,0.2878506291386841,0.9229775808989533,2.5990758767158963,1.7556313775510302,0.350672276724186,71.11244728538458,75.28123384250159,64.0
vhpsd_90W_4s,4.0,2500.0,1.0,0.0,0.0,0.056626022971156334,0.0,0.0,0.056626022971156334,0.31351380268246953,0.28279569457233295,0.3152836261718416,0.34049000723258344,1.2540552107298781,2.949949496592244,2.942793367346955,0.4245667539296919,78.94112272598696,83.87270417541647,64.0
vhpsd_90W_4s,4.0,2500.0,1.5,0.0,0.0,0.056626022971156334,0.0,0.0,0.056626022971156334,0.36401893385989836,0.34084204020714753,0.365024170777303,0.3887663844109125,1.4560757354395935,3.1991919777440874,3.8898596938775727,0.45484982928570306,87.23295819952628,92.25460090104691,64.0
vhpsd_90W_4s,4.0,2500.0,2.0,0.0,0.0,0.056626022971156334,0.109375,0.054000447526830544,0.20898863291938535,0.40734650350183077,0.3874006470747609,0.40771868875350703,0.4279465949603731,1.629386014007323,3.3979377319760733,4.7531250000000265,0.47936560904024583,95.50763894684547,100.04445904255265,64.0
vhpsd_90W_4s,5.0,800.0,0.5,0.0,0.0,0.056626022971156334,0.0,0.0,0.056626022971156334,0.21557482891134327,0.19118920474170883,0.21421877367051306,0.23743611559013586,1.0778741445567166,2.9901902745996174,2.872087618670902,0.35991922794670583,79.7092604302579,85.18614654873362,64.0
vhpsd_90W_4s,5.0,800.0,1.0,0.0,0.0,0.056626022971156334,0.0,0.0,0.056626022971156334,0.25744242345898244,0.23716624699822755,0.2581478886821012,0.2777336297358982,1.2872121172949123,3.2452622241150006,3.735825186482842,0.3963230462637533,88.54471201741156,92.80182419577413,64.0
vhpsd_90W_4s,5.0,800.0,1.5,0.0,0.0,0.056626022971156334,0.1875,0.11064534880922097,0.29974591554775176,0.29279046364840666,0.27620300252787755,0.2933760340526721,0.31002090511530356,1.4639523182420335,3.444116014615142,4.482269298146498,0.42488560614784565,97.0704033349395,102.0010491318483,64.0
vhpsd_90W_4s,5.0,800.0,2.0,0.0,0.0,0.056626022971156334,0.9375,0.8500230335750312,0.9754291963252071,0.32430941287646275,0.3102491742475905,0.32470063638871094,0.3389741051231696,1.6215470643823138,3.6011804630984496,5.172469767179052,0.45017353527636694,104.93769102101788,109.35485505637453,64.0
vhpsd_90W_4s,5.0,1500.0,0.5,0.0,0.0,0.056626022971156334,0.0,0.0,0.056626022971156334,0.19204171853012447,0.1531254125330599,0.19318819683122582,0.22668344988155675,0.9602085926506223,2.7273016622076307,2.094460612567824,0.3498549908489642,73.44900324095858,77.86065585724334,64.0
vhpsd_90W_4s,5.0,1500.0,1.0,0.0,0.0,0.056626022971156334,0.0,0.0,0.056626022971156334,0.24648921393986994,0.22374425839917542,0.24856538482492793,0.2688760443005606,1.2324460696993498,3.0355843922953336,3.1978201288426944,0.4054927826085637,81.61627078604346,86.80835766553466,64.0
vhpsd_90W_4s,5.0,1500.0,1.5,0.0,0.0,0.056626022971156334,0.0,0.0,0.056626022971156334,0.2861978152268878,0.2657936407555395,0.28569742171068413,0.3038927066339012,1.430989076134439,3.267748311655251,4.102753447106714,0.43766168227648444,90.08506515327977,95.53142239454857,64.0
vhpsd_90W_4s,5.0,1500.0,2.0,0.0,0.0,0.056626022971156334,0.296875,0.19904999589075245,0.4177043259412798,0.32021812323608134,0.30494491093897347,0.3188695179803973,0.3363882670692592,1.6010906161804068,3.452297692865575,4.871168625678147,0.4636280890060426,98.18454936858112,103.32959900527553,64.0
vhpsd_90W_4s,5.0,2500.0,0.5,0.0,0.0,0.056626022971156334,0.0,0.0,0.056626022971156334,0.12806222431804154,0.0,0.1744814638879278,0.20836852794813485,0.6403111215902078,2.4908305466591023,1.3341129351265897,0.24579971243853146,69.48780203839434,72.91094027029567,64.0
vhpsd_90W_4s,5.0,2500.0,1.0,0.0,0.0,0.056626022971156334,0.0,0.0,0.056626022971156334,0.23591889061253474,0.20951814256114745,0.23846091596941252,0.2588677692285515,1.1795944530626739,2.8735247023675807,2.6484862398282245,0.40980901378572887,77.0712295271242,80.92804151303378,64.0
vhpsd_90W_4s,5.0,2500.0,1.5,0.0,0.0,0.056626022971156334,0.0,0.0,0.056626022971156334,0.27998056296260887,0.2583385561180213,0.28063326523616616,0.2986535601980685,1.3999028148130441,3.136234159952312,3.6496001921338364,0.44605496425086555,85.21468885586944,89.61862210885603,64.0
vhpsd_90W_4s,5.0,2500.0,2.0,0.0,0.0,0.056626022971156334,0.015625,0.0027634707504014047,0.08334298900290629,0.3159699503129484,0.29857832625963154,0.31668048353699363,0.33239599556398186,1.5798497515647418,3.338869803888958,4.519402689873443,0.47298016166619755,93.26554554805065,97.80356836927386,64.0
vhpsd_90W_4s,6.0,800.0,0.5,0.0,0.0,0.056626022971156334,0.0,0.0,0.056626022971156334,0.16701838839162939,0.14559179597638483,0.16764947378411976,0.18913631629760858,1.0021103303497763,2.912271445501455,2.5980612244898103,0.3432736353594097,77.83144826604706,82.97877835333446,64.0
vhpsd_90W_4s,6.0,800.0,1.0,0.0,0.0,0.056626022971156334,0.0,0.0,0.056626022971156334,0.20466214828958768,0.1854309525887796,0.20621084646509558,0.22146973428064617,1.227972889737526,3.176556268586079,3.510401785714305,0.3861316023173892,86.35221373090896,91.36211316355892,64.0
vhpsd_90W_4s,6.0,800.0,1.5,0.0,0.0,0.056626022971156334,0.0625,0.024570803674792932,0.14997696642496888,0.23594496804929938,0.22051206285559977,0.23665172581801985,0.25073611827715603,1.4156698082957961,3.384805544864407,4.283954081632677,0.4180539584335761,94.73539982446965,98.99527381826309,64.0
vhpsd_90W_4s,6.0,800.0,2.0,0.0,0.0,0.056626022971156334,0.796875,0.6828613244878341,0.8772669743730419,0.26301600545458836,0.2500961657395329,0.26353542382179884,0.27527108980356885,1.57809603272753,3.546467145097462,4.979617346938802,0.44483824219230883,102.44837911270724,106.64920470755645,64.0
vhpsd_90W_4s,6.0,1500.0,0.5,0.0,0.0,0.056626022971156334,0.0,0.0,0.056626022971156334,0.12585304600622838,0.0,0.14855443599018148,0.17342707926876905,0.7551182760373701,2.6358523114157784,1.7232589285714384,0.27951531718876477,71.79639248352206,75.795485822703,64.0
vhpsd_90W_4s,6.0,1500.0,1.0,0.0,0.0,0.056626022971156334,0.0,0.0,0.056626022971156334,0.19453091449767518,0.17588910696179033,0.19571703418383804,0.21457809672841674,1.1671854869860512,2.9666880603056685,2.947672193877567,0.3927884853214497,79.7479116681613,84.09432235988938,64.0
vhpsd_90W_4s,6.0,1500.0,1.5,0.0,0.0,0.056626022971156334,0.0,0.0,0.056626022971156334,0.22987478376592216,0.21382764980334967,0.23067237223274956,0.24561510704044234,1.379248702595533,3.2078318340263072,3.888195153061246,0.42968608785547796,87.99196076499317,92.54616893798783,64.0
vhpsd_90W_4s,6.0,1500.0,2.0,0.0,0.0,0.056626022971156334,0.140625,0.07578487006414436,0.24616508394637426,0.25938557031706944,0.2454970643169893,0.26093470374586814,0.27378465055357,1.5563134219024164,3.397010210404977,4.673571428571454,0.4579700775871337,95.965813610026,100.29540031031621,64.0
vhpsd_90W_4s,6.0,2500.0,0.5,0.0,0.0,0.056626022971156334,0.0,0.0,0.056626022971156334,0.06048595911349337,0.0,0.0,0.16256572405935377,0.36291575468096027,2.1882869465090815,0.943278061224495,0.15348954861928304,68.07374923966597,72.32895511201696,64.0
vhpsd_90W_4s,6.0,2500.0,1.0,0.0,0.0,0.056626022971156334,0.0,0.0,0.056626022971156334,0.18346519491102664,0.1616429577934325,0.18454596489405584,0.20785231949297167,1.1007911694661598,2.8011715569455395,2.374840561224503,0.39174101093086733,75.49087275374302,80.08828985310878,64.0
vhpsd_90W_4s,6.0,2500.0,1.5,0.0,0.0,0.056626022971156334,0.0,0.0,0.056626022971156334,0.2237730444510822,0.20550317401634594,0.224857543088903,0.24296686285850963,1.3426382667064933,3.07245138800576,3.4041581632653246,0.43655847497387085,83.31257294124399,87.7757796025665,64.0
vhpsd_90W_4s,6.0,2500.0,2.0,0.0,0.0,0.056626022971156334,0.0,0.0,0.056626022971156334,0.2555715196656929,0.2399492725455109,0.25615434296521644,0.2703829501375931,1.5334291179941575,3.2829411822174324,4.305822704081656,0.46686607117236606,91.22208583377926,95.21036512223749,64.0
